"avatarThumbnail","cid","createTime","createTimeISO","detailedMentions/0/nickName","detailedMentions/0/profileUrl","detailedMentions/0/secUid","detailedMentions/0/userId","diggCount","input","likedByAuthor","mentions/0","pinnedByAuthor","repliesToId","replyCommentTotal","submittedVideoUrl","text","uid","uniqueId","videoWebUrl"
"https://p16-common-sign.tiktokcdn-us.com/tos-alisg-avt-0068/826d6c34909545fcfc193ea7fd78fe76~tplv-tiktokx-cropcenter:100:100.jpg?dr=9640&refresh_token=9d39c65f&x-expires=1762754400&x-signature=3nhBsYrX%2FDyhhu1Z%2F5JtkG96aLY%3D&t=4d5b0474&ps=13740610&shp=30310797&shcp=ff37627b&idc=useast8","7394833587541230343","1721743870","2024-07-23T14:11:10.000Z",,,,,"15","https://www.tiktok.com/@showbiznuplum/video/7394729290308390145?q=huy%20ma&t=1762337639196","false",,"false",,"7","https://www.tiktok.com/@showbiznuplum/video/7394729290308390145?q=huy%20ma&t=1762337639196","K hỉu sao bị","6945050268946039810","honggngocccc","https://www.tiktok.com/@showbiznuplum/video/7394729290308390145"
"https://p16-common-sign.tiktokcdn-us.com/tos-alisg-avt-0068/1b3e121d0fb43cda162d973b022ccddf~tplv-tiktokx-cropcenter:100:100.jpg?dr=9640&refresh_token=a092e532&x-expires=1762754400&x-signature=1yWljnFNEs4ZypswXHYMgQibnOQ%3D&t=4d5b0474&ps=13740610&shp=30310797&shcp=ff37627b&idc=useast8","7394822146935145233","1721741215","2024-07-23T13:26:55.000Z",,,,,"24","https://www.tiktok.com/@showbiznuplum/video/7394729290308390145?q=huy%20ma&t=1762337639196","false",,"false",,"0","https://www.tiktok.com/@showbiznuplum/video/7394729290308390145?q=huy%20ma&t=1762337639196","nhỏ tui coi tiệm bánh hoàng tử bé hoài lỗi in ak","7228607656524694533","vohacoi","https://www.tiktok.com/@showbiznuplum/video/7394729290308390145"
"https://p16-common-sign.tiktokcdn-us.com/tos-alisg-avt-0068/80b4f107afab3b192fcc5969ec5e574b~tplv-tiktokx-cropcenter:100:100.jpg?dr=9640&refresh_token=1e5466a6&x-expires=1762754400&x-signature=J3tlygQwliXZAE1xs2sGnYSus8w%3D&t=4d5b0474&ps=13740610&shp=30310797&shcp=ff37627b&idc=useast8","7394841655809360658","1721745750","2024-07-23T14:42:30.000Z",,,,,"1","https://www.tiktok.com/@showbiznuplum/video/7394729290308390145?q=huy%20ma&t=1762337639196","false",,"false",,"2","https://www.tiktok.com/@showbiznuplum/video/7394729290308390145?q=huy%20ma&t=1762337639196","ko sao e, giờ UT mới là bệnh sợ nhất","6549727367781974018","abc....66888","https://www.tiktok.com/@showbiznuplum/video/7394729290308390145"
"https://p16-common-sign.tiktokcdn-us.com/tos-alisg-avt-0068/7330727927069278209~tplv-tiktokx-cropcenter:100:100.jpg?dr=9640&refresh_token=84aacd2c&x-expires=1762754400&x-signature=dWfULM1AqsnQE10vVI7lsLCTWGM%3D&t=4d5b0474&ps=13740610&shp=30310797&shcp=ff37627b&idc=useast8","7395036008523907847","1721791006","2024-07-24T03:16:46.000Z",,,,,"3","https://www.tiktok.com/@showbiznuplum/video/7394729290308390145?q=huy%20ma&t=1762337639196","false",,"false",,"2","https://www.tiktok.com/@showbiznuplum/video/7394729290308390145?q=huy%20ma&t=1762337639196","chủ yếu vì sao lại bị đó.","6810745848130290690","duonggia55","https://www.tiktok.com/@showbiznuplum/video/7394729290308390145"
"https://p16-common-sign.tiktokcdn-us.com/tos-alisg-avt-0068/29a77edbac1f6ca3cba3743f501feca2~tplv-tiktokx-cropcenter:100:100.jpg?dr=9640&refresh_token=e9000231&x-expires=1762754400&x-signature=7M0uFg6VrzFfttTIgFk5TFll1Ls%3D&t=4d5b0474&ps=13740610&shp=30310797&shcp=ff37627b&idc=useast8","7535888254911005447","1754585718","2025-08-07T16:55:18.000Z",,,,,"0","https://www.tiktok.com/@showbiznuplum/video/7394729290308390145?q=huy%20ma&t=1762337639196","false",,"false",,"0","https://www.tiktok.com/@showbiznuplum/video/7394729290308390145?q=huy%20ma&t=1762337639196","mà h lướt thấy ko nhận ra r lm j âu ko😅","6780664594438620162","nhucuaane","https://www.tiktok.com/@showbiznuplum/video/7394729290308390145"
"https://p16-common-sign.tiktokcdn-us.com/tos-alisg-avt-0068/71f8d1742126caed3e6a12a6913b10fd~tplv-tiktokx-cropcenter:100:100.jpg?dr=9640&refresh_token=c60cb350&x-expires=1762754400&x-signature=yXIa5bZxcGp1aPVfTsBoR8kirS8%3D&t=4d5b0474&ps=13740610&shp=30310797&shcp=ff37627b&idc=useast8","7394853303940645639","1721748460","2024-07-23T15:27:40.000Z",,,,,"1","https://www.tiktok.com/@showbiznuplum/video/7394729290308390145?q=huy%20ma&t=1762337639196","false",,"false",,"1","https://www.tiktok.com/@showbiznuplum/video/7394729290308390145?q=huy%20ma&t=1762337639196","bênh j vậy","7375735835235058705","linhnhi.039","https://www.tiktok.com/@showbiznuplum/video/7394729290308390145"
"https://p16-common-sign.tiktokcdn-us.com/tos-alisg-avt-0068/4f9ce9cef0a39f1ad2af7adfd7825ddf~tplv-tiktokx-cropcenter:100:100.jpg?dr=9640&refresh_token=68c25728&x-expires=1762754400&x-signature=jmox1HXK5woqz6317aJpWRIFQ1A%3D&t=4d5b0474&ps=13740610&shp=30310797&shcp=ff37627b&idc=useast8","7463324156647768840","1737690598","2025-01-24T03:49:58.000Z",,,,,"0","https://www.tiktok.com/@showbiznuplum/video/7394729290308390145?q=huy%20ma&t=1762337639196","false",,"false",,"0","https://www.tiktok.com/@showbiznuplum/video/7394729290308390145?q=huy%20ma&t=1762337639196","😂","7146431414945416219","colentoioi1232","https://www.tiktok.com/@showbiznuplum/video/7394729290308390145"
"https://p16-common-sign.tiktokcdn-us.com/tos-alisg-avt-0068/7391403586926280705~tplv-tiktokx-cropcenter:100:100.jpg?dr=9640&refresh_token=c702415c&x-expires=1762754400&x-signature=2QZEzxJI6HKwqRPR5uXJERxuBZs%3D&t=4d5b0474&ps=13740610&shp=30310797&shcp=ff37627b&idc=useast8","7394874686885217041","1721753459","2024-07-23T16:50:59.000Z",,,,,"1","https://www.tiktok.com/@showbiznuplum/video/7394729290308390145?q=huy%20ma&t=1762337639196","false",,"false",,"0","https://www.tiktok.com/@showbiznuplum/video/7394729290308390145?q=huy%20ma&t=1762337639196","cô lên e","7391403268410573841","thlun41","https://www.tiktok.com/@showbiznuplum/video/7394729290308390145"
"https://p16-common-sign.tiktokcdn-us.com/tos-alisg-avt-0068/502d7ae78ef3f542e35fcf6572973748~tplv-tiktokx-cropcenter:100:100.jpg?dr=9640&refresh_token=c5deebad&x-expires=1762754400&x-signature=9wL3MGy7dCjJXRBoRgPK%2FBILKj0%3D&t=4d5b0474&ps=13740610&shp=30310797&shcp=ff37627b&idc=useast8","7394834186551591696","1721753181","2024-07-23T16:46:21.000Z",,,,,"3","https://www.tiktok.com/@showbiznuplum/video/7394729290308390145?q=huy%20ma&t=1762337639196","false",,"false",,"0","https://www.tiktok.com/@showbiznuplum/video/7394729290308390145?q=huy%20ma&t=1762337639196","ăn chơi sao không nói","7309090437918540805","hieunguyen7990","https://www.tiktok.com/@showbiznuplum/video/7394729290308390145"
"https://p16-common-sign.tiktokcdn-us.com/tos-alisg-avt-0068/684f06fa777a8728fdc7b35b65a8a43a~tplv-tiktokx-cropcenter:100:100.jpg?dr=9640&refresh_token=c7c41d38&x-expires=1762754400&x-signature=GHxZlICczXHTkImRTwRqdv1O%2FJo%3D&t=4d5b0474&ps=13740610&shp=30310797&shcp=ff37627b&idc=useast8","7477489041043915538","1740988604","2025-03-03T07:56:44.000Z",,,,,"0","https://www.tiktok.com/@showbiznuplum/video/7394729290308390145?q=huy%20ma&t=1762337639196","false",,"false",,"0","https://www.tiktok.com/@showbiznuplum/video/7394729290308390145?q=huy%20ma&t=1762337639196","😂","7464416911204434961","cees_12.34.5","https://www.tiktok.com/@showbiznuplum/video/7394729290308390145"
"https://p16-common-sign.tiktokcdn-us.com/tos-alisg-avt-0068/77d37072539e0a6926a99822768b52d0~tplv-tiktokx-cropcenter:100:100.jpg?dr=9640&refresh_token=f784a970&x-expires=1762754400&x-signature=ZOSuZ5YEMTK%2B1GFCtvoe6bDPzfo%3D&t=4d5b0474&ps=13740610&shp=30310797&shcp=ff37627b&idc=useast8","7478281865226289928","1741173203","2025-03-05T11:13:23.000Z",,,,,"0","https://www.tiktok.com/@showbiznuplum/video/7394729290308390145?q=huy%20ma&t=1762337639196","false",,"false",,"0","https://www.tiktok.com/@showbiznuplum/video/7394729290308390145?q=huy%20ma&t=1762337639196","🥰","6961341988022404098","khanhbang_303","https://www.tiktok.com/@showbiznuplum/video/7394729290308390145"
"https://p16-common-sign.tiktokcdn-us.com/tos-alisg-avt-0068/7ef8b242719cda452035fd3c7551c18d~tplv-tiktokx-cropcenter:100:100.jpg?dr=9640&refresh_token=cd3bf1df&x-expires=1762754400&x-signature=oKToE73nt8qbewrHnI95k9xHihI%3D&t=4d5b0474&ps=13740610&shp=30310797&shcp=ff37627b&idc=useast8","7472244033310884616","1739767401","2025-02-17T04:43:21.000Z",,,,,"0","https://www.tiktok.com/@showbiznuplum/video/7394729290308390145?q=huy%20ma&t=1762337639196","false",,"false",,"0","https://www.tiktok.com/@showbiznuplum/video/7394729290308390145?q=huy%20ma&t=1762337639196","😞","7208115872116278298","klcutivai","https://www.tiktok.com/@showbiznuplum/video/7394729290308390145"
"https://p16-common-sign.tiktokcdn-us.com/tos-alisg-avt-0068/1d3d49bbe27faaeef04c24039a2f7bad~tplv-tiktokx-cropcenter:100:100.jpg?dr=9640&refresh_token=6262d310&x-expires=1762754400&x-signature=oiwkyOJ3Xx%2BZcTWkhMMIo89Ep%2BA%3D&t=4d5b0474&ps=13740610&shp=30310797&shcp=ff37627b&idc=useast8","7422260787684803335","1728129759","2024-10-05T12:02:39.000Z",,,,,"0","https://www.tiktok.com/@showbiznuplum/video/7394729290308390145?q=huy%20ma&t=1762337639196","false",,"false",,"0","https://www.tiktok.com/@showbiznuplum/video/7394729290308390145?q=huy%20ma&t=1762337639196","🥰🥰🥰","7258505400889508865","khonglagi2001","https://www.tiktok.com/@showbiznuplum/video/7394729290308390145"
"https://p16-common-sign.tiktokcdn-us.com/tos-alisg-avt-0068/0d7452c3d0e65f13ed2d2a4b364546aa~tplv-tiktokx-cropcenter:100:100.jpg?dr=9640&refresh_token=589be6d9&x-expires=1762754400&x-signature=W43QZKuQqu6d9aDFKGi5VwzwL1w%3D&t=4d5b0474&ps=13740610&shp=30310797&shcp=ff37627b&idc=useast8","7462179434490741512","1737424078","2025-01-21T01:47:58.000Z",,,,,"0","https://www.tiktok.com/@showbiznuplum/video/7394729290308390145?q=huy%20ma&t=1762337639196","false",,"false",,"0","https://www.tiktok.com/@showbiznuplum/video/7394729290308390145?q=huy%20ma&t=1762337639196","😁","6924496173676790785","truongdieulinh7","https://www.tiktok.com/@showbiznuplum/video/7394729290308390145"
"https://p16-common-sign.tiktokcdn-us.com/tos-alisg-avt-0068/f09a00d5369905eb4a8d55572257811b~tplv-tiktokx-cropcenter:100:100.jpg?dr=9640&refresh_token=2d89c27b&x-expires=1762754400&x-signature=n1ocRJ0oK7BljyDAI%2BhZcwzRH9g%3D&t=4d5b0474&ps=13740610&shp=30310797&shcp=ff37627b&idc=useast8","7460511509506458389","1737035717","2025-01-16T13:55:17.000Z",,,,,"0","https://www.tiktok.com/@showbiznuplum/video/7394729290308390145?q=huy%20ma&t=1762337639196","false",,"false",,"0","https://www.tiktok.com/@showbiznuplum/video/7394729290308390145?q=huy%20ma&t=1762337639196","❤","7245876224303825927","yenlyxcjc6n","https://www.tiktok.com/@showbiznuplum/video/7394729290308390145"
"https://p19-common-sign.tiktokcdn-us.com/tos-alisg-avt-0068/5bc962ac1ccf157b3cb0ca42489269bc~tplv-tiktokx-cropcenter:100:100.jpg?dr=9640&refresh_token=ecb1ac59&x-expires=1762754400&x-signature=eQs4dwdt0vjCgeJVf4wB8xit1GY%3D&t=4d5b0474&ps=13740610&shp=30310797&shcp=ff37627b&idc=useast8","7438603740666839825","1731934907","2024-11-18T13:01:47.000Z",,,,,"0","https://www.tiktok.com/@showbiznuplum/video/7394729290308390145?q=huy%20ma&t=1762337639196","false",,"false",,"0","https://www.tiktok.com/@showbiznuplum/video/7394729290308390145?q=huy%20ma&t=1762337639196","🥰🥰🥰","6572690974904254466","._.huynhngocvy","https://www.tiktok.com/@showbiznuplum/video/7394729290308390145"
"https://p16-common-sign.tiktokcdn-us.com/tos-alisg-avt-0068/5d74aca8894e51a4caaf2c1e7c854f76~tplv-tiktokx-cropcenter:100:100.jpg?dr=9640&refresh_token=893bf471&x-expires=1762754400&x-signature=wEljtErLKAkrr%2FBpOfLz4hvIA1A%3D&t=4d5b0474&ps=13740610&shp=30310797&shcp=ff37627b&idc=useast8","7443323855034139399","1733033890","2024-12-01T06:18:10.000Z",,,,,"0","https://www.tiktok.com/@showbiznuplum/video/7394729290308390145?q=huy%20ma&t=1762337639196","false",,"false",,"0","https://www.tiktok.com/@showbiznuplum/video/7394729290308390145?q=huy%20ma&t=1762337639196","😂","6876682581698511874","mmachampionship1","https://www.tiktok.com/@showbiznuplum/video/7394729290308390145"
"https://p16-common-sign.tiktokcdn-us.com/tos-alisg-avt-0068/1296952bf5dd6d6f70d6b34f0c1df12a~tplv-tiktokx-cropcenter:100:100.jpg?dr=9640&refresh_token=7613521e&x-expires=1762754400&x-signature=v9bG4RRp64j%2BDVmloUxigmORI5k%3D&t=4d5b0474&ps=13740610&shp=30310797&shcp=ff37627b&idc=useast8","7441971205291426568","1732718955","2024-11-27T14:49:15.000Z",,,,,"0","https://www.tiktok.com/@showbiznuplum/video/7394729290308390145?q=huy%20ma&t=1762337639196","false",,"false",,"0","https://www.tiktok.com/@showbiznuplum/video/7394729290308390145?q=huy%20ma&t=1762337639196","😁","6922043139566961666","bee_bee271","https://www.tiktok.com/@showbiznuplum/video/7394729290308390145"
"https://p16-common-sign.tiktokcdn-us.com/tos-alisg-avt-0068/11d213c0f21f5cc9747db208515c67f5~tplv-tiktokx-cropcenter:100:100.jpg?dr=9640&refresh_token=0dbb1110&x-expires=1762754400&x-signature=Btx9NUUyiubENjmQ31VETvb2AGU%3D&t=4d5b0474&ps=13740610&shp=30310797&shcp=ff37627b&idc=useast8","7441214324162904840","1732542725","2024-11-25T13:52:05.000Z",,,,,"0","https://www.tiktok.com/@showbiznuplum/video/7394729290308390145?q=huy%20ma&t=1762337639196","false",,"false",,"0","https://www.tiktok.com/@showbiznuplum/video/7394729290308390145?q=huy%20ma&t=1762337639196","🥰🥰🥰","7098017520967975938","usermetonbangsu._252711","https://www.tiktok.com/@showbiznuplum/video/7394729290308390145"
"https://p16-common-sign.tiktokcdn-us.com/tos-alisg-avt-0068/7a3953aab4a9b38cba153b106a105de7~tplv-tiktokx-cropcenter:100:100.jpg?dr=9640&refresh_token=9f2a0570&x-expires=1762754400&x-signature=toUvH7o7CnxoWJGK2r%2BwAIfVMKo%3D&t=4d5b0474&ps=13740610&shp=30310797&shcp=ff37627b&idc=useast8","7394851260602516242","1721747993","2024-07-23T15:19:53.000Z",,,,,"0","https://www.tiktok.com/@showbiznuplum/video/7394729290308390145?q=huy%20ma&t=1762337639196","false",,"false",,"0","https://www.tiktok.com/@showbiznuplum/video/7394729290308390145?q=huy%20ma&t=1762337639196","tuổi thơ của mik 😬","7201007516670755866","hynh269","https://www.tiktok.com/@showbiznuplum/video/7394729290308390145"
"https://p16-common-sign.tiktokcdn-us.com/tos-useast2a-avt-0068-giso/c9586f300e6cf12341a1c7d814e95efa~tplv-tiktokx-cropcenter:100:100.jpg?dr=9640&refresh_token=c6d8e832&x-expires=1762754400&x-signature=dXnsE5pQC5viCDTODix%2FNKNsn3w%3D&t=4d5b0474&ps=13740610&shp=30310797&shcp=ff37627b&idc=useast8","7439697169353933584","1732189490","2024-11-21T11:44:50.000Z",,,,,"0","https://www.tiktok.com/@showbiznuplum/video/7394729290308390145?q=huy%20ma&t=1762337639196","false",,"false",,"0","https://www.tiktok.com/@showbiznuplum/video/7394729290308390145?q=huy%20ma&t=1762337639196","😂😂😂","6585608032423280642","nga_915","https://www.tiktok.com/@showbiznuplum/video/7394729290308390145"
"https://p19-common-sign.tiktokcdn-us.com/tos-alisg-avt-0068/4d86b70d31d148ddfe7ff250050ef6e2~tplv-tiktokx-cropcenter:100:100.jpg?dr=9640&refresh_token=023a5ed8&x-expires=1762754400&x-signature=oa608KT1MY7zn4FIDuYXL%2BeZVnA%3D&t=4d5b0474&ps=13740610&shp=30310797&shcp=ff37627b&idc=useast8","7438944095038997268","1732014148","2024-11-19T11:02:28.000Z",,,,,"0","https://www.tiktok.com/@showbiznuplum/video/7394729290308390145?q=huy%20ma&t=1762337639196","false",,"false",,"0","https://www.tiktok.com/@showbiznuplum/video/7394729290308390145?q=huy%20ma&t=1762337639196","😂😂😂","7312015360822232066","yn171113","https://www.tiktok.com/@showbiznuplum/video/7394729290308390145"
"https://p16-common-sign.tiktokcdn-us.com/tos-alisg-avt-0068/7391403586926280705~tplv-tiktokx-cropcenter:100:100.jpg?dr=9640&refresh_token=c702415c&x-expires=1762754400&x-signature=2QZEzxJI6HKwqRPR5uXJERxuBZs%3D&t=4d5b0474&ps=13740610&shp=30310797&shcp=ff37627b&idc=useast8","7394874793952035600","1721753478","2024-07-23T16:51:18.000Z",,,,,"0","https://www.tiktok.com/@showbiznuplum/video/7394729290308390145?q=huy%20ma&t=1762337639196","false",,"false",,"0","https://www.tiktok.com/@showbiznuplum/video/7394729290308390145?q=huy%20ma&t=1762337639196","co gì đâu.","7391403268410573841","thlun41","https://www.tiktok.com/@showbiznuplum/video/7394729290308390145"
"https://p16-common-sign.tiktokcdn-us.com/tos-alisg-avt-0068/9981427af2e165d78f446f13eb085595~tplv-tiktokx-cropcenter:100:100.jpg?dr=9640&refresh_token=01a9a3a7&x-expires=1762754400&x-signature=cO10s8R10LQZMbBKHza7547M1gE%3D&t=4d5b0474&ps=13740610&shp=30310797&shcp=ff37627b&idc=useast8","7394826020374905620","1721742117","2024-07-23T13:41:57.000Z",,,,,"0","https://www.tiktok.com/@showbiznuplum/video/7394729290308390145?q=huy%20ma&t=1762337639196","false",,"false",,"0","https://www.tiktok.com/@showbiznuplum/video/7394729290308390145?q=huy%20ma&t=1762337639196","Sêding để comback fai khum chiều giờ thấy qá trời bài lên","6797416680286536705","thuongquadinao","https://www.tiktok.com/@showbiznuplum/video/7394729290308390145"
"https://p16-common-sign.tiktokcdn-us.com/tos-alisg-avt-0068/aa8191a3a29e2e26258d16091fbe8e4f~tplv-tiktokx-cropcenter:100:100.jpg?dr=9640&refresh_token=4e7e2acf&x-expires=1762754400&x-signature=1nP5p6xQZOHdET%2Bn0WKOwj812Rk%3D&t=4d5b0474&ps=13740610&shp=30310797&shcp=ff37627b&idc=useast8","7394826860926157569","1721742314","2024-07-23T13:45:14.000Z",,,,,"0","https://www.tiktok.com/@showbiznuplum/video/7394729290308390145?q=huy%20ma&t=1762337639196","false",,"false",,"0","https://www.tiktok.com/@showbiznuplum/video/7394729290308390145?q=huy%20ma&t=1762337639196","nhìn face giống Ngô Kiến Huy taa","7083311025260364802","xngoc_tg","https://www.tiktok.com/@showbiznuplum/video/7394729290308390145"
"https://p16-common-sign.tiktokcdn-us.com/tos-alisg-avt-0068/d13c8ff7560645081df0b88aa2a3258e~tplv-tiktokx-cropcenter:100:100.jpg?dr=9640&refresh_token=2bc1530a&x-expires=1762754400&x-signature=QZwiFiw4osXgjHLiCOE9RJG7HmY%3D&t=4d5b0474&ps=13740610&shp=30310797&shcp=ff37627b&idc=useast8","7395070391292871441","1721800308","2024-07-24T05:51:48.000Z",,,,,"0","https://www.tiktok.com/@showbiznuplum/video/7394729290308390145?q=huy%20ma&t=1762337639196","false",,"false",,"0","https://www.tiktok.com/@showbiznuplum/video/7394729290308390145?q=huy%20ma&t=1762337639196","Ở không cx bị hả ☺️","7273149418528932865","eternaldream2050","https://www.tiktok.com/@showbiznuplum/video/7394729290308390145"
"https://p16-common-sign.tiktokcdn-us.com/tos-alisg-avt-0068/83693148d4932f9694029c220ecc96d5~tplv-tiktokx-cropcenter:100:100.jpg?dr=9640&refresh_token=bfafc556&x-expires=1762754400&x-signature=QZZMmjcP0%2BkZnn4BT8CoTnNIAzI%3D&t=4d5b0474&ps=13740610&shp=30310797&shcp=ff37627b&idc=useast8","7408112435884360456","1724835590","2024-08-28T08:59:50.000Z",,,,,"0","https://www.tiktok.com/@showbiznuplum/video/7394729290308390145?q=huy%20ma&t=1762337639196","false",,"false",,"0","https://www.tiktok.com/@showbiznuplum/video/7394729290308390145?q=huy%20ma&t=1762337639196","Tui kiếm bộ phim đó coi mà ko nhớ tên nhờ dụ này cũng coi đc 😂tuổi thơ một thời của tui","7023368674862253057","sock.heng","https://www.tiktok.com/@showbiznuplum/video/7394729290308390145"
"https://p16-common-sign.tiktokcdn-us.com/tos-alisg-avt-0068/fa843a281625d1188dcb10ee02182cd8~tplv-tiktokx-cropcenter:100:100.jpg?dr=9640&refresh_token=b82ba464&x-expires=1762754400&x-signature=UPPC7I6qtEbSLqTBqNMZLyUbiic%3D&t=4d5b0474&ps=13740610&shp=30310797&shcp=ff37627b&idc=useast8","7394832636594553607","1721748082","2024-07-23T15:21:22.000Z",,,,,"0","https://www.tiktok.com/@showbiznuplum/video/7394729290308390145?q=huy%20ma&t=1762337639196","false",,"false",,"0","https://www.tiktok.com/@showbiznuplum/video/7394729290308390145?q=huy%20ma&t=1762337639196","có gì đâu bình thường","6879103776667599873","usere2g13pjks6","https://www.tiktok.com/@showbiznuplum/video/7394729290308390145"
"https://p16-common-sign.tiktokcdn-us.com/tos-alisg-avt-0068/b0d97c5956379ab500f8e120c7be0361~tplv-tiktokx-cropcenter:100:100.jpg?dr=9640&refresh_token=2eaba252&x-expires=1762754400&x-signature=hSHKTp8TNGrAwYTgTKFOCvkoBjU%3D&t=4d5b0474&ps=13740610&shp=30310797&shcp=ff37627b&idc=useast8","7399930133886485256","1722930498","2024-08-06T07:48:18.000Z",,,,,"0","https://www.tiktok.com/@showbiznuplum/video/7394729290308390145?q=huy%20ma&t=1762337639196","false",,"false",,"0","https://www.tiktok.com/@showbiznuplum/video/7394729290308390145?q=huy%20ma&t=1762337639196","😭😭😭","6961323208143602690","hithunie123","https://www.tiktok.com/@showbiznuplum/video/7394729290308390145"
"https://p16-common-sign.tiktokcdn-us.com/tos-alisg-avt-0068/ad6b053476a33cd1a3e4d6c0ccb6e701~tplv-tiktokx-cropcenter:100:100.jpg?dr=9640&refresh_token=33076bcf&x-expires=1762754400&x-signature=DQAI2Uio8m2Aal22Dgyh3sncfAw%3D&t=4d5b0474&ps=13740610&shp=30310797&shcp=ff37627b&idc=useast5","7394840205842973461","1721745426","2024-07-23T14:37:06.000Z",,,,,"2","https://www.tiktok.com/@showbiznuplum/video/7394729290308390145?q=huy%20ma&t=1762337639196","false",,"false",,"3","https://www.tiktok.com/@showbiznuplum/video/7394729290308390145?q=huy%20ma&t=1762337639196","Ủa sao mà bị vậy ? này ko biết hỏi thiệt","7297516284890055687","yentu08","https://www.tiktok.com/@showbiznuplum/video/7394729290308390145"
"https://p16-common-sign.tiktokcdn-us.com/tos-alisg-avt-0068/e1c766ae3dec772222c92546df206016~tplv-tiktokx-cropcenter:100:100.jpg?dr=9640&refresh_token=9fad7a60&x-expires=1762754400&x-signature=6gyV6FIW%2BkFUjAVRbyxq%2Fzk8zZg%3D&t=4d5b0474&ps=13740610&shp=30310797&shcp=ff37627b&idc=useast5","7466033119533433608","1738321328","2025-01-31T11:02:08.000Z",,,,,"0","https://www.tiktok.com/@showbiznuplum/video/7394729290308390145?q=huy%20ma&t=1762337639196","false",,"false",,"0","https://www.tiktok.com/@showbiznuplum/video/7394729290308390145?q=huy%20ma&t=1762337639196","🥰🥰🥰","7246256689104045062","thyne1304","https://www.tiktok.com/@showbiznuplum/video/7394729290308390145"
"https://p16-common-sign.tiktokcdn-us.com/tos-alisg-avt-0068/e6d2bea77c7c5b885c41551d22fa3a49~tplv-tiktokx-cropcenter:100:100.jpg?dr=9640&refresh_token=553bacb8&x-expires=1762754400&x-signature=eeVyRsnK2EyH8%2Br5XE1LtJk0X8Q%3D&t=4d5b0474&ps=13740610&shp=30310797&shcp=ff37627b&idc=useast5","7394814779976237832","1721739493","2024-07-23T12:58:13.000Z",,,,,"0","https://www.tiktok.com/@showbiznuplum/video/7394729290308390145?q=huy%20ma&t=1762337639196","false",,"false",,"0","https://www.tiktok.com/@showbiznuplum/video/7394729290308390145?q=huy%20ma&t=1762337639196","😳😳😳","7110909086464459803","ann07270","https://www.tiktok.com/@showbiznuplum/video/7394729290308390145"
"https://p16-common-sign.tiktokcdn-us.com/tos-alisg-avt-0068/71f896ab881aea77bb7aab847437bab4~tplv-tiktokx-cropcenter:100:100.jpg?dr=9640&refresh_token=e4ae61f0&x-expires=1762754400&x-signature=nk8m2TUJBQro8tw7J%2BOtg2URz1s%3D&t=4d5b0474&ps=13740610&shp=30310797&shcp=ff37627b&idc=useast5","7394952299020452615","1721771526","2024-07-23T21:52:06.000Z",,,,,"0","https://www.tiktok.com/@showbiznuplum/video/7394729290308390145?q=huy%20ma&t=1762337639196","false",,"false",,"0","https://www.tiktok.com/@showbiznuplum/video/7394729290308390145?q=huy%20ma&t=1762337639196","pepe đi cửa sau mới bị","6794244690684314625","....080856","https://www.tiktok.com/@showbiznuplum/video/7394729290308390145"
"https://p16-common-sign.tiktokcdn-us.com/tos-alisg-avt-0068/178947560b2aeced9c46de45e2239745~tplv-tiktokx-cropcenter:100:100.jpg?dr=9640&refresh_token=6c2ef572&x-expires=1762754400&x-signature=CSVwKZJdCpknJCVh3Ci6kX7XFVg%3D&t=4d5b0474&ps=13740610&shp=30310797&shcp=ff37627b&idc=useast5","7463785972892959495","1737798117","2025-01-25T09:41:57.000Z",,,,,"0","https://www.tiktok.com/@showbiznuplum/video/7394729290308390145?q=huy%20ma&t=1762337639196","false",,"false",,"0","https://www.tiktok.com/@showbiznuplum/video/7394729290308390145?q=huy%20ma&t=1762337639196","🍀","67872146832","v._.vain","https://www.tiktok.com/@showbiznuplum/video/7394729290308390145"
"https://p16-common-sign.tiktokcdn-us.com/tos-alisg-avt-0068/4df943ebf32f7e9c269abe6703f414a4~tplv-tiktokx-cropcenter:100:100.jpg?dr=9640&refresh_token=8be5bc94&x-expires=1762754400&x-signature=XU85r6wO4IGRgrVkbH70XnEcuw8%3D&t=4d5b0474&ps=13740610&shp=30310797&shcp=ff37627b&idc=useast5","7438998103259333396","1732026723","2024-11-19T14:32:03.000Z",,,,,"0","https://www.tiktok.com/@showbiznuplum/video/7394729290308390145?q=huy%20ma&t=1762337639196","false",,"false",,"0","https://www.tiktok.com/@showbiznuplum/video/7394729290308390145?q=huy%20ma&t=1762337639196","😁😁😁","7097170536447001601","lan.ngan0367","https://www.tiktok.com/@showbiznuplum/video/7394729290308390145"
"https://p16-common-sign.tiktokcdn-us.com/tos-alisg-avt-0068/323aac21d62d6758a4df02886fbec357~tplv-tiktokx-cropcenter:100:100.jpg?dr=9640&refresh_token=24430d16&x-expires=1762754400&x-signature=RMG3ZyrO84DlRvy2QuvUr%2FzKLAQ%3D&t=4d5b0474&ps=13740610&shp=30310797&shcp=ff37627b&idc=useast5","7439134656484524807","1732058531","2024-11-19T23:22:11.000Z",,,,,"0","https://www.tiktok.com/@showbiznuplum/video/7394729290308390145?q=huy%20ma&t=1762337639196","false",,"false",,"0","https://www.tiktok.com/@showbiznuplum/video/7394729290308390145?q=huy%20ma&t=1762337639196","🥰🥰🥰","7246932834291794950","dinhkhac24","https://www.tiktok.com/@showbiznuplum/video/7394729290308390145"
"https://p16-common-sign.tiktokcdn-us.com/tos-maliva-avt-0068/7247123903393955846~tplv-tiktokx-cropcenter:100:100.jpg?dr=9640&refresh_token=eb7cfc2f&x-expires=1762754400&x-signature=yy0Ugl01UOYlROhbWcuXgDz1fr4%3D&t=4d5b0474&ps=13740610&shp=30310797&shcp=ff37627b&idc=useast8","7406690688911999764","1724504565","2024-08-24T13:02:45.000Z",,,,,"0","https://www.tiktok.com/@showbiznuplum/video/7394729290308390145?q=huy%20ma&t=1762337639196","false",,"false",,"0","https://www.tiktok.com/@showbiznuplum/video/7394729290308390145?q=huy%20ma&t=1762337639196","lâu quá r ☺️☺️","7212982138231555074","khng.bit.j.ht","https://www.tiktok.com/@showbiznuplum/video/7394729290308390145"
"https://p16-common-sign.tiktokcdn-us.com/tos-alisg-avt-0068/8e81a2ad8dc2ca2c3bd26c65a017abd2~tplv-tiktokx-cropcenter:100:100.jpg?dr=9640&refresh_token=766cd9f2&x-expires=1762754400&x-signature=ASSfnVOLiAvahFUjjXNxMn%2Bes2E%3D&t=4d5b0474&ps=13740610&shp=30310797&shcp=ff37627b&idc=useast8","7394838538887824136","1721745027","2024-07-23T14:30:27.000Z",,,,,"33","https://www.tiktok.com/@showbiznuplum/video/7394729290308390145?q=huy%20ma&t=1762337639196","false",,"false",,"9","https://www.tiktok.com/@showbiznuplum/video/7394729290308390145?q=huy%20ma&t=1762337639196","Bệnh thế kỷ là j","6937210320297985025","yeu123em","https://www.tiktok.com/@showbiznuplum/video/7394729290308390145"
"https://p16-common-sign.tiktokcdn-us.com/tos-alisg-avt-0068/65bd634ed332e8c66680d1b7803f1ba4~tplv-tiktokx-cropcenter:100:100.jpg?dr=9640&refresh_token=29eedd99&x-expires=1762754400&x-signature=uf4vqGvncoCHMUYZP198cvJN1ns%3D&t=4d5b0474&ps=13740610&shp=30310797&shcp=ff37627b&idc=useast8","7545746064134013703","1756880919","2025-09-03T06:28:39.000Z",,,,,"0","https://www.tiktok.com/@showbiznuplum/video/7394729290308390145?q=huy%20ma&t=1762337639196","false",,"false",,"0","https://www.tiktok.com/@showbiznuplum/video/7394729290308390145?q=huy%20ma&t=1762337639196","😁","6793285907673777153","phamhuudang1996","https://www.tiktok.com/@showbiznuplum/video/7394729290308390145"
"https://p16-common-sign.tiktokcdn-us.com/tos-alisg-avt-0068/a2773fbe21c48c84586f053c299215b6~tplv-tiktokx-cropcenter:100:100.jpg?dr=9640&refresh_token=6c96afe6&x-expires=1762754400&x-signature=LAU%2BxkxLG4N02D5U21A8nIWTU0g%3D&t=4d5b0474&ps=13740610&shp=30310797&shcp=ff37627b&idc=useast8","7555183196725674768","1759078189","2025-09-28T16:49:49.000Z",,,,,"0","https://www.tiktok.com/@showbiznuplum/video/7394729290308390145?q=huy%20ma&t=1762337639196","false",,"false",,"0","https://www.tiktok.com/@showbiznuplum/video/7394729290308390145?q=huy%20ma&t=1762337639196","😂","6992048298942153754","ngao12365","https://www.tiktok.com/@showbiznuplum/video/7394729290308390145"
"https://p16-common-sign.tiktokcdn-us.com/tos-alisg-avt-0068/cbf63187642948e2bf52aaaf359095e9~tplv-tiktokx-cropcenter:100:100.jpg?dr=9640&refresh_token=d3b573b9&x-expires=1762754400&x-signature=h%2BpJhQaLOySG0NBnxBWCkS49WVg%3D&t=4d5b0474&ps=13740610&shp=30310797&shcp=ff37627b&idc=useast8","7556211794395497232","1759317669","2025-10-01T11:21:09.000Z",,,,,"0","https://www.tiktok.com/@showbiznuplum/video/7394729290308390145?q=huy%20ma&t=1762337639196","false",,"false",,"0","https://www.tiktok.com/@showbiznuplum/video/7394729290308390145?q=huy%20ma&t=1762337639196","😅","7016649266941920258","ducsang304","https://www.tiktok.com/@showbiznuplum/video/7394729290308390145"
"https://p16-common-sign.tiktokcdn-us.com/tos-alisg-avt-0068/3679e9eb4ceb80f8bc9e30c3a78f73d5~tplv-tiktokx-cropcenter:100:100.jpg?dr=9640&refresh_token=3dc94482&x-expires=1762754400&x-signature=lYAAANyC0WekY5e%2FhwN29QE87U0%3D&t=4d5b0474&ps=13740610&shp=30310797&shcp=ff37627b&idc=useast8","7545740533852783368","1756879636","2025-09-03T06:07:16.000Z",,,,,"0","https://www.tiktok.com/@showbiznuplum/video/7394729290308390145?q=huy%20ma&t=1762337639196","false",,"false",,"0","https://www.tiktok.com/@showbiznuplum/video/7394729290308390145?q=huy%20ma&t=1762337639196","💐","7506779344581198865","naiu.82","https://www.tiktok.com/@showbiznuplum/video/7394729290308390145"
"https://p16-common-sign.tiktokcdn-us.com/tos-alisg-avt-0068/5ac3d6101a4842decd26c88c1fdaf578~tplv-tiktokx-cropcenter:100:100.jpg?dr=9640&refresh_token=613eafff&x-expires=1762754400&x-signature=GkyRNQsfSvpQNM0tZYf7y%2B07MGE%3D&t=4d5b0474&ps=13740610&shp=30310797&shcp=ff37627b&idc=useast8","7553615059126223634","1758713060","2025-09-24T11:24:20.000Z",,,,,"0","https://www.tiktok.com/@showbiznuplum/video/7394729290308390145?q=huy%20ma&t=1762337639196","false",,"false",,"0","https://www.tiktok.com/@showbiznuplum/video/7394729290308390145?q=huy%20ma&t=1762337639196","😭","7505805135760851976","khthequendcnguoiay","https://www.tiktok.com/@showbiznuplum/video/7394729290308390145"
"https://p19-common-sign.tiktokcdn-us.com/tos-alisg-avt-0068/62ccbacca825c083a3dcdec010418d89~tplv-tiktokx-cropcenter:100:100.jpg?dr=9640&refresh_token=dfe2c537&x-expires=1762754400&x-signature=OECe2CPxzgoigat2L701g%2B8Dq0k%3D&t=4d5b0474&ps=13740610&shp=30310797&shcp=ff37627b&idc=useast8","7544758067511067412","1756650882","2025-08-31T14:34:42.000Z",,,,,"0","https://www.tiktok.com/@showbiznuplum/video/7394729290308390145?q=huy%20ma&t=1762337639196","false",,"false",,"0","https://www.tiktok.com/@showbiznuplum/video/7394729290308390145?q=huy%20ma&t=1762337639196","🥰","7454775709664887809","nhm8891","https://www.tiktok.com/@showbiznuplum/video/7394729290308390145"
"https://p19-common-sign.tiktokcdn-us.com/tos-alisg-avt-0068/5a6239f3ce419608d9ca49e1f76ecc91~tplv-tiktokx-cropcenter:100:100.jpg?dr=9640&refresh_token=c91ab06e&x-expires=1762754400&x-signature=k4y8CSEkjewRLj9%2Ft3COsAM1LD8%3D&t=4d5b0474&ps=13740610&shp=30310797&shcp=ff37627b&idc=useast8","7394867224283202312","1721751708","2024-07-23T16:21:48.000Z","Tường Vy","https://www.tiktok.com/@6560129743843868674","MS4wLjABAAAAeUMfSvTldkIKrYlBIMxU8HLINm5ikeGjijd-seDlJEAfu3AS6bMIHpj0H6GRv2bn","6560129743843868674","0","https://www.tiktok.com/@showbiznuplum/video/7394729290308390145?q=huy%20ma&t=1762337639196","false","@Tường Vy","false",,"0","https://www.tiktok.com/@showbiznuplum/video/7394729290308390145?q=huy%20ma&t=1762337639196","@Tường Vy","7028528251924923418","kdi261003","https://www.tiktok.com/@showbiznuplum/video/7394729290308390145"
"https://p16-common-sign.tiktokcdn-us.com/tos-alisg-avt-0068/f76a5c11d147968ad5266a6f82c53f79~tplv-tiktokx-cropcenter:100:100.jpg?dr=9640&refresh_token=2c73bf1f&x-expires=1762754400&x-signature=aeXFccPFzlXg72xByQ7L4jR8%2BYE%3D&t=4d5b0474&ps=13740610&shp=30310797&shcp=ff37627b&idc=useast8","7507921811731071762","1748074278","2025-05-24T08:11:18.000Z",,,,,"0","https://www.tiktok.com/@showbiznuplum/video/7394729290308390145?q=huy%20ma&t=1762337639196","false",,"false",,"0","https://www.tiktok.com/@showbiznuplum/video/7394729290308390145?q=huy%20ma&t=1762337639196","😁","6633680374449209346","phat236005","https://www.tiktok.com/@showbiznuplum/video/7394729290308390145"
"https://p16-common-sign.tiktokcdn-us.com/tos-alisg-avt-0068/3521fa33c9e33025a10cfe616893c993~tplv-tiktokx-cropcenter:100:100.jpg?dr=9640&refresh_token=5fbb6e6a&x-expires=1762754400&x-signature=fxkeIlGDn5KAhArvJ4eX2tKSRUs%3D&t=4d5b0474&ps=13740610&shp=30310797&shcp=ff37627b&idc=useast8","7544233452369150736","1756528743","2025-08-30T04:39:03.000Z",,,,,"0","https://www.tiktok.com/@showbiznuplum/video/7394729290308390145?q=huy%20ma&t=1762337639196","false",,"false",,"0","https://www.tiktok.com/@showbiznuplum/video/7394729290308390145?q=huy%20ma&t=1762337639196","♥️","7139020239488484353","thuytrang_19_12","https://www.tiktok.com/@showbiznuplum/video/7394729290308390145"
"https://p16-common-sign.tiktokcdn-us.com/tos-alisg-avt-0068/93ed6039b7955f1d4fcfb1390f56eac7~tplv-tiktokx-cropcenter:100:100.jpg?dr=9640&refresh_token=90abd11c&x-expires=1762754400&x-signature=NNgowIUtUuRgK14j53LcDxvw4Y8%3D&t=4d5b0474&ps=13740610&shp=30310797&shcp=ff37627b&idc=useast8","7549806541537460999","1757826321","2025-09-14T05:05:21.000Z",,,,,"0","https://www.tiktok.com/@showbiznuplum/video/7394729290308390145?q=huy%20ma&t=1762337639196","false",,"false",,"0","https://www.tiktok.com/@showbiznuplum/video/7394729290308390145?q=huy%20ma&t=1762337639196","😳","7438261803043718199","chm.anh870","https://www.tiktok.com/@showbiznuplum/video/7394729290308390145"
"https://p16-common-sign.tiktokcdn-us.com/tos-alisg-avt-0068/5813560bbc37cc1b6acbfa8f9554be30~tplv-tiktokx-cropcenter:100:100.jpg?dr=9640&refresh_token=b57a8753&x-expires=1762754400&x-signature=8Tz4Uf26jlAd%2FJdmbWEYEBeMutM%3D&t=4d5b0474&ps=13740610&shp=30310797&shcp=ff37627b&idc=useast8","7535973852711994128","1754605661","2025-08-07T22:27:41.000Z",,,,,"0","https://www.tiktok.com/@showbiznuplum/video/7394729290308390145?q=huy%20ma&t=1762337639196","false",,"false",,"0","https://www.tiktok.com/@showbiznuplum/video/7394729290308390145?q=huy%20ma&t=1762337639196","🤭🤭🤭","82078373555","minhthu0904.21","https://www.tiktok.com/@showbiznuplum/video/7394729290308390145"
"https://p16-common-sign.tiktokcdn-us.com/tos-alisg-avt-0068/1d8ae4900040fddeb070c606232dacdf~tplv-tiktokx-cropcenter:100:100.jpg?dr=9640&refresh_token=11967b35&x-expires=1762754400&x-signature=Y14Pvd5GWIIOWZVpf3bdpOjXTU4%3D&t=4d5b0474&ps=13740610&shp=30310797&shcp=ff37627b&idc=useast8","7556207385993397012","1759316640","2025-10-01T11:04:00.000Z",,,,,"0","https://www.tiktok.com/@showbiznuplum/video/7394729290308390145?q=huy%20ma&t=1762337639196","false",,"false",,"0","https://www.tiktok.com/@showbiznuplum/video/7394729290308390145?q=huy%20ma&t=1762337639196","🥰","7275348785189667841","meowmeow.ng47","https://www.tiktok.com/@showbiznuplum/video/7394729290308390145"
"https://p16-common-sign.tiktokcdn-us.com/tos-alisg-avt-0068/ca83996741299c70c00653fb5bb7001a~tplv-tiktokx-cropcenter:100:100.jpg?dr=9640&refresh_token=2058759a&x-expires=1762754400&x-signature=hf37d05u5H7yamEWw8wjsKbCfu4%3D&t=4d5b0474&ps=13740610&shp=30310797&shcp=ff37627b&idc=useast8","7535368729887228679","1754464758","2025-08-06T07:19:18.000Z",,,,,"0","https://www.tiktok.com/@showbiznuplum/video/7394729290308390145?q=huy%20ma&t=1762337639196","false",,"false",,"0","https://www.tiktok.com/@showbiznuplum/video/7394729290308390145?q=huy%20ma&t=1762337639196","🤔","6605703399819182082","shock17081","https://www.tiktok.com/@showbiznuplum/video/7394729290308390145"
"https://p16-common-sign.tiktokcdn-us.com/tos-alisg-avt-0068/b39268c843daddf7e17c620df03a95cb~tplv-tiktokx-cropcenter:100:100.jpg?dr=9640&refresh_token=d4b7226f&x-expires=1762754400&x-signature=s4scTIw8l%2Fza9TJplnriSVK9E6s%3D&t=4d5b0474&ps=13740610&shp=30310797&shcp=ff37627b&idc=useast8","7547372397108888340","1757259578","2025-09-07T15:39:38.000Z",,,,,"0","https://www.tiktok.com/@showbiznuplum/video/7394729290308390145?q=huy%20ma&t=1762337639196","false",,"false",,"0","https://www.tiktok.com/@showbiznuplum/video/7394729290308390145?q=huy%20ma&t=1762337639196","🤪","6605911444733460482","phuongtron779","https://www.tiktok.com/@showbiznuplum/video/7394729290308390145"
"https://p16-common-sign.tiktokcdn-us.com/tos-alisg-avt-0068/ee6238233045169abde5bfcdc62f85c9~tplv-tiktokx-cropcenter:100:100.jpg?dr=9640&refresh_token=cf868db7&x-expires=1762754400&x-signature=QyjgIfKmroIdwUM3BEBSw3Oq8yc%3D&t=4d5b0474&ps=13740610&shp=30310797&shcp=ff37627b&idc=useast8","7512626605828260626","1749169702","2025-06-06T00:28:22.000Z",,,,,"0","https://www.tiktok.com/@showbiznuplum/video/7394729290308390145?q=huy%20ma&t=1762337639196","false",,"false",,"0","https://www.tiktok.com/@showbiznuplum/video/7394729290308390145?q=huy%20ma&t=1762337639196","🤣","6959479495742112770","phamhagiangtoilet","https://www.tiktok.com/@showbiznuplum/video/7394729290308390145"
"https://p16-common-sign.tiktokcdn-us.com/tos-alisg-avt-0068/28744b5853728f240cad7cc33f3f43a9~tplv-tiktokx-cropcenter:100:100.jpg?dr=9640&refresh_token=501e49c5&x-expires=1762754400&x-signature=PPShh4UGicVxz913iK7Zs0bBYBs%3D&t=4d5b0474&ps=13740610&shp=30310797&shcp=ff37627b&idc=useast8","7538511155267994376","1755196412","2025-08-14T18:33:32.000Z",,,,,"0","https://www.tiktok.com/@showbiznuplum/video/7394729290308390145?q=huy%20ma&t=1762337639196","false",,"false",,"0","https://www.tiktok.com/@showbiznuplum/video/7394729290308390145?q=huy%20ma&t=1762337639196","😁","6957185615831172097","vtt11072009","https://www.tiktok.com/@showbiznuplum/video/7394729290308390145"
"https://p16-common-sign.tiktokcdn-us.com/tos-alisg-avt-0068/32c16be7ba67d55d67748dcbaa607e62~tplv-tiktokx-cropcenter:100:100.jpg?dr=9640&refresh_token=9ee4c39e&x-expires=1762754400&x-signature=t3Ovyic3ED5Ru%2Bb20MdshYY8t2c%3D&t=4d5b0474&ps=13740610&shp=30310797&shcp=ff37627b&idc=useast8","7553577922150794001","1758704420","2025-09-24T09:00:20.000Z",,,,,"0","https://www.tiktok.com/@showbiznuplum/video/7394729290308390145?q=huy%20ma&t=1762337639196","false",,"false",,"0","https://www.tiktok.com/@showbiznuplum/video/7394729290308390145?q=huy%20ma&t=1762337639196","😂","6785455952566109186","vietanh_31032012","https://www.tiktok.com/@showbiznuplum/video/7394729290308390145"
"https://p16-sign-sg.tiktokcdn.com/tos-alisg-avt-0068/7371114327153049607~tplv-tiktokx-cropcenter:100:100.jpg?dr=10399&refresh_token=0ce0e7d9&x-expires=1762754400&x-signature=22G8iV%2F3ZNLYuXPYzIBYxlTHyWI%3D&t=4d5b0474&ps=13740610&shp=30310797&shcp=ff37627b&idc=no1a","7394848744053572369","1721747419","2024-07-23T15:10:19.000Z",,,,,"3","https://www.tiktok.com/@showbiznuplum/video/7394729290308390145?q=huy%20ma&t=1762337639196","false",,"false","7394841655809360658",,"https://www.tiktok.com/@showbiznuplum/video/7394729290308390145?q=huy%20ma&t=1762337639196","Bệnh đấy thì giai đoạn cuối thì bỏ chứ mấy cái khác vẫn chữa bth","7371052134361564166","zann0537","https://www.tiktok.com/@showbiznuplum/video/7394729290308390145"
"https://p16-sign-sg.tiktokcdn.com/tos-alisg-avt-0068/e62d0dd7ebf0cab526d9c1ef91ac7931~tplv-tiktokx-cropcenter:100:100.jpg?dr=10399&refresh_token=7453a50d&x-expires=1762754400&x-signature=VyKS7d2OzKKZwbe2IuLqrup9FEg%3D&t=4d5b0474&ps=13740610&shp=30310797&shcp=ff37627b&idc=no1a","7394983265394344722","1721778734","2024-07-23T23:52:14.000Z",,,,,"0","https://www.tiktok.com/@showbiznuplum/video/7394729290308390145?q=huy%20ma&t=1762337639196","false",,"false",,"0","https://www.tiktok.com/@showbiznuplum/video/7394729290308390145?q=huy%20ma&t=1762337639196","t cũng phân biệt nữa. Sợ lắm :))","6741022828340560898","danny.dang__","https://www.tiktok.com/@showbiznuplum/video/7394729290308390145"
"https://p16-sign-sg.tiktokcdn.com/tos-alisg-avt-0068/23fd1449427de7e9beef2ab60fbf416d~tplv-tiktokx-cropcenter:100:100.jpg?dr=10399&refresh_token=33879196&x-expires=1762754400&x-signature=jQ9q1fd4RFcHKYtrO1kuzzMhqeE%3D&t=4d5b0474&ps=13740610&shp=30310797&shcp=ff37627b&idc=no1a","7563369981787702024","1760984312","2025-10-20T18:18:32.000Z",,,,,"0","https://www.tiktok.com/@showbiznuplum/video/7394729290308390145?q=huy%20ma&t=1762337639196","false",,"false",,"0","https://www.tiktok.com/@showbiznuplum/video/7394729290308390145?q=huy%20ma&t=1762337639196","😂😂😂","6838216920174183425","phanngocanh0810","https://www.tiktok.com/@showbiznuplum/video/7394729290308390145"
"https://p16-sign-sg.tiktokcdn.com/tos-alisg-avt-0068/189dfb8a31988bab2fdf40be28500a5f~tplv-tiktokx-cropcenter:100:100.jpg?dr=10399&refresh_token=de58a79a&x-expires=1762754400&x-signature=jsB11LIaEjq3Z0%2B%2Fg2h%2FPTEXVqQ%3D&t=4d5b0474&ps=13740610&shp=30310797&shcp=ff37627b&idc=no1a","7545782625495958290","1756889432","2025-09-03T08:50:32.000Z",,,,,"0","https://www.tiktok.com/@showbiznuplum/video/7394729290308390145?q=huy%20ma&t=1762337639196","false",,"false",,"0","https://www.tiktok.com/@showbiznuplum/video/7394729290308390145?q=huy%20ma&t=1762337639196","☺️","6959895318297625601","hathw219","https://www.tiktok.com/@showbiznuplum/video/7394729290308390145"
"https://p16-common-sign.tiktokcdn-us.com/tos-alisg-avt-0068/d33e2bccdb036d8266e5fce9a7ee95ed~tplv-tiktokx-cropcenter:100:100.jpg?dr=9640&refresh_token=57f089be&x-expires=1762754400&x-signature=DY5galm%2B2WM7dEGFHcskzv3Bjuw%3D&t=4d5b0474&ps=13740610&shp=30310797&shcp=ff37627b&idc=useast5","7483198446624457479","1742317927","2025-03-18T17:12:07.000Z",,,,,"0","https://www.tiktok.com/@showbiznuplum/video/7394729290308390145?q=huy%20ma&t=1762337639196","false",,"false",,"0","https://www.tiktok.com/@showbiznuplum/video/7394729290308390145?q=huy%20ma&t=1762337639196","😁","7234058948545053701","yenli270397","https://www.tiktok.com/@showbiznuplum/video/7394729290308390145"
"https://p16-common-sign.tiktokcdn-us.com/tos-alisg-avt-0068/264ff8be60e26bd651b5b966265b5c58~tplv-tiktokx-cropcenter:100:100.jpg?dr=9640&refresh_token=f4dc2b72&x-expires=1762754400&x-signature=7Z%2F73Mc36D0XH0hSJ4qCIbyn2XI%3D&t=4d5b0474&ps=13740610&shp=30310797&shcp=ff37627b&idc=useast8","7395563109510021906","1721913726","2024-07-25T13:22:06.000Z",,,,,"0","https://www.tiktok.com/@showbiznuplum/video/7394729290308390145?q=huy%20ma&t=1762337639196","false",,,"7395036008523907847",,"https://www.tiktok.com/@showbiznuplum/video/7394729290308390145?q=huy%20ma&t=1762337639196","Đấu kiếm","6594960029790208001","dragon.ballll3","https://www.tiktok.com/@showbiznuplum/video/7394729290308390145"
"https://p16-common-sign.tiktokcdn-us.com/tos-alisg-avt-0068/90328ccb1b564ac3b640c0e5f75d158a~tplv-tiktokx-cropcenter:100:100.jpg?dr=9640&refresh_token=cfff34d0&x-expires=1762754400&x-signature=NQxmPjXCNXoy7zXFNY69UcwqpHI%3D&t=4d5b0474&ps=13740610&shp=30310797&shcp=ff37627b&idc=useast8","7395593170693866247","1721920722","2024-07-25T15:18:42.000Z",,,,,"10","https://www.tiktok.com/@showbiznuplum/video/7394729290308390145?q=huy%20ma&t=1762337639196","false",,,"7395036008523907847",,"https://www.tiktok.com/@showbiznuplum/video/7394729290308390145?q=huy%20ma&t=1762337639196","có đc đi học đàng hoàng ko vậy","6969898194818122754","trihaole115","https://www.tiktok.com/@showbiznuplum/video/7394729290308390145"
"https://p16-common-sign.tiktokcdn-us.com/tos-alisg-avt-0068/9b1b7b4239bdcbdd519bc0f7baf2e69b~tplv-tiktokx-cropcenter:100:100.jpg?dr=9640&refresh_token=270f64c5&x-expires=1762754400&x-signature=Efu9U8B0I3v5iIBjaCdr26VVHJs%3D&t=4d5b0474&ps=13740610&shp=30310797&shcp=ff37627b&idc=useast5","7394839039235015441","1721745151","2024-07-23T14:32:31.000Z",,,,,"10","https://www.tiktok.com/@showbiznuplum/video/7394729290308390145?q=huy%20ma&t=1762337639196","false",,,"7394833587541230343",,"https://www.tiktok.com/@showbiznuplum/video/7394729290308390145?q=huy%20ma&t=1762337639196","Do đối phương hay cả2 tạo ra virus vậy","6808476831605359617","be_bi0","https://www.tiktok.com/@showbiznuplum/video/7394729290308390145"
"https://p19-common-sign.tiktokcdn-us.com/tos-alisg-avt-0068/97a2775303f39bcf70561f28a9c5fa81~tplv-tiktokx-cropcenter:100:100.jpg?dr=9640&refresh_token=07711a9c&x-expires=1762754400&x-signature=nUa0B8h3cABXUFAQsUyt%2BXh%2FBQs%3D&t=4d5b0474&ps=13740610&shp=30310797&shcp=ff37627b&idc=useast5","7394841674075292433","1721745761","2024-07-23T14:42:41.000Z",,,,,"2","https://www.tiktok.com/@showbiznuplum/video/7394729290308390145?q=huy%20ma&t=1762337639196","false",,,"7394833587541230343",,"https://www.tiktok.com/@showbiznuplum/video/7394729290308390145?q=huy%20ma&t=1762337639196","chắc do đối phương, theo tui nghĩ thôi nhe","7063594988413027329","bi.ntbt","https://www.tiktok.com/@showbiznuplum/video/7394729290308390145"
"https://p16-common-sign.tiktokcdn-us.com/tos-alisg-avt-0068/886cd365e0ff8d115765b48b8c220164~tplv-tiktokx-cropcenter:100:100.jpg?dr=9640&refresh_token=4c0c25b6&x-expires=1762754400&x-signature=CEVy98%2FlNXQ040kw13HYGw69Jm0%3D&t=4d5b0474&ps=13740610&shp=30310797&shcp=ff37627b&idc=useast5","7394845979512947474","1721746761","2024-07-23T14:59:21.000Z",,,,,"0","https://www.tiktok.com/@showbiznuplum/video/7394729290308390145?q=huy%20ma&t=1762337639196","false",,,"7394833587541230343",,"https://www.tiktok.com/@showbiznuplum/video/7394729290308390145?q=huy%20ma&t=1762337639196","Cùng câu hỏi 😌","6568331712827555841","darwinn8080","https://www.tiktok.com/@showbiznuplum/video/7394729290308390145"
"https://p16-common-sign.tiktokcdn-us.com/tos-alisg-avt-0068/826d6c34909545fcfc193ea7fd78fe76~tplv-tiktokx-cropcenter:100:100.jpg?dr=9640&refresh_token=9d39c65f&x-expires=1762754400&x-signature=3nhBsYrX%2FDyhhu1Z%2F5JtkG96aLY%3D&t=4d5b0474&ps=13740610&shp=30310797&shcp=ff37627b&idc=useast5","7394846404991075079","1721746859","2024-07-23T15:00:59.000Z",,,,,"3","https://www.tiktok.com/@showbiznuplum/video/7394729290308390145?q=huy%20ma&t=1762337639196","false",,,"7394833587541230343",,"https://www.tiktok.com/@showbiznuplum/video/7394729290308390145?q=huy%20ma&t=1762337639196","Chỉ có lây thôi chứ k tự nhiên bị dc","6945050268946039810","honggngocccc","https://www.tiktok.com/@showbiznuplum/video/7394729290308390145"
"https://p16-common-sign.tiktokcdn-us.com/tos-alisg-avt-0068/826d6c34909545fcfc193ea7fd78fe76~tplv-tiktokx-cropcenter:100:100.jpg?dr=9640&refresh_token=9d39c65f&x-expires=1762754400&x-signature=3nhBsYrX%2FDyhhu1Z%2F5JtkG96aLY%3D&t=4d5b0474&ps=13740610&shp=30310797&shcp=ff37627b&idc=useast5","7394888255027020562","1721756607","2024-07-23T17:43:27.000Z",,,,,"0","https://www.tiktok.com/@showbiznuplum/video/7394729290308390145?q=huy%20ma&t=1762337639196","false",,,"7394833587541230343",,"https://www.tiktok.com/@showbiznuplum/video/7394729290308390145?q=huy%20ma&t=1762337639196","Chưa quen ai :)) cảm ơn b đã hỏi","6945050268946039810","honggngocccc","https://www.tiktok.com/@showbiznuplum/video/7394729290308390145"
"https://p16-common-sign.tiktokcdn-us.com/tos-alisg-avt-0068/b7fa67b3526367e9aac31cce4bf90805~tplv-tiktokx-cropcenter:100:100.jpg?dr=9640&refresh_token=fbf41ea6&x-expires=1762754400&x-signature=uBkFbiQA3%2Bda6hLragQM%2B%2BeOW7Y%3D&t=4d5b0474&ps=13740610&shp=30310797&shcp=ff37627b&idc=useast8","7395080008317092625","1721801269","2024-07-24T06:07:49.000Z",,,,,"1","https://www.tiktok.com/@showbiznuplum/video/7394729290308390145?q=huy%20ma&t=1762337639196","false",,,"7394841655809360658",,"https://www.tiktok.com/@showbiznuplum/video/7394729290308390145?q=huy%20ma&t=1762337639196","Học nhiều zo . Có thuốc uống sao qua giai đoạn cuối đc , chỉ cần 1 ngày 1 viên sống như người bình thường","6674164414940595202","tht180899","https://www.tiktok.com/@showbiznuplum/video/7394729290308390145"
"https://p16-common-sign.tiktokcdn-us.com/tos-alisg-avt-0068/582fd31a9b215d46476f04497b506021~tplv-tiktokx-cropcenter:100:100.jpg?dr=9640&refresh_token=94bd40df&x-expires=1762754400&x-signature=FjOSTD6Wz7frYmMk9Ge4IHKDvzs%3D&t=4d5b0474&ps=13740610&shp=30310797&shcp=ff37627b&idc=useast5","7394853359838839573","1721748491","2024-07-23T15:28:11.000Z",,,,,"0","https://www.tiktok.com/@showbiznuplum/video/7394729290308390145?q=huy%20ma&t=1762337639196","false",,,"7394853303940645639",,"https://www.tiktok.com/@showbiznuplum/video/7394729290308390145?q=huy%20ma&t=1762337639196","Hiv","6967206395179844609","hoahuongduong9895","https://www.tiktok.com/@showbiznuplum/video/7394729290308390145"
"https://p16-sign-sg.tiktokcdn.com/tos-alisg-avt-0068/ad6b053476a33cd1a3e4d6c0ccb6e701~tplv-tiktokx-cropcenter:100:100.jpg?dr=10399&refresh_token=95011317&x-expires=1762754400&x-signature=MtZqfwYc4BzfGdl4hd4oae4Mfaw%3D&t=4d5b0474&ps=13740610&shp=30310797&shcp=ff37627b&idc=no1a","7394874301314876180","1721753366","2024-07-23T16:49:26.000Z",,,,,"0","https://www.tiktok.com/@showbiznuplum/video/7394729290308390145?q=huy%20ma&t=1762337639196","false",,,"7394840205842973461",,"https://www.tiktok.com/@showbiznuplum/video/7394729290308390145?q=huy%20ma&t=1762337639196","Ùi uiiiiiiii 🌚","7297516284890055687","yentu08","https://www.tiktok.com/@showbiznuplum/video/7394729290308390145"
"https://p16-sign-sg.tiktokcdn.com/tos-alisg-avt-0068/9d3d2120bd0994b596d348956906d40c~tplv-tiktokx-cropcenter:100:100.jpg?dr=10399&refresh_token=5b91caa8&x-expires=1762754400&x-signature=BUruFDVGnEIrlzUcuKahAuuye7M%3D&t=4d5b0474&ps=13740610&shp=30310797&shcp=ff37627b&idc=no1a","7414158357403681554","1726243266","2024-09-13T16:01:06.000Z",,,,,"5","https://www.tiktok.com/@showbiznuplum/video/7394729290308390145?q=huy%20ma&t=1762337639196","false",,,"7394840205842973461",,"https://www.tiktok.com/@showbiznuplum/video/7394729290308390145?q=huy%20ma&t=1762337639196","Lẩu gà là đồ ăn mà ? với lại đâu phải cứ qhtd là bị với Hiv giới tính nào cũng bị lây hoặc lây đc hết á","7121200579264021531","hongthng6970","https://www.tiktok.com/@showbiznuplum/video/7394729290308390145"
"https://p16-sign-sg.tiktokcdn.com/tos-alisg-avt-0068/e7bb5e8c783e5f33c8be54f774b04ec9~tplv-tiktokx-cropcenter:100:100.jpg?dr=10399&refresh_token=e3080b26&x-expires=1762754400&x-signature=6wTphAQbI%2BvIv8DzTfC3BkaN7F4%3D&t=4d5b0474&ps=13740610&shp=30310797&shcp=ff37627b&idc=no1a","7397847772500525832","1722445662","2024-07-31T17:07:42.000Z",,,,,"4","https://www.tiktok.com/@showbiznuplum/video/7394729290308390145?q=huy%20ma&t=1762337639196","false",,,"7394840205842973461",,"https://www.tiktok.com/@showbiznuplum/video/7394729290308390145?q=huy%20ma&t=1762337639196","có đc đi học ko?, bộ m nghĩ hiv chỉ lây qua đường ấy à?","7012875899223016450","user4pptal4a6b","https://www.tiktok.com/@showbiznuplum/video/7394729290308390145"
"https://p16-sign-sg.tiktokcdn.com/tos-alisg-avt-0068/f8fc8315925c8b0866fd7a4f2b1d6157~tplv-tiktokx-cropcenter:100:100.jpg?dr=14579&refresh_token=845bfb02&x-expires=1762754400&x-signature=bOAC%2BKa8pDcHRI17puOc56%2FUZhE%3D&t=4d5b0474&ps=13740610&shp=30310797&shcp=ff37627b&idc=maliva","7394850287271478033","1721747769","2024-07-23T15:16:09.000Z",,,,,"7","https://www.tiktok.com/@showbiznuplum/video/7394729290308390145?q=huy%20ma&t=1762337639196","false",,,"7394838538887824136",,"https://www.tiktok.com/@showbiznuplum/video/7394729290308390145?q=huy%20ma&t=1762337639196","bệnh thế kỷ là bn có kỷ thế nào cũng có bệnh...","6879571773529408513","thanh_duy_91","https://www.tiktok.com/@showbiznuplum/video/7394729290308390145"
"https://p16-sign-sg.tiktokcdn.com/tos-alisg-avt-0068/e4e6d5e7d3d9e70bc596f3d9d607b74e~tplv-tiktokx-cropcenter:100:100.jpg?dr=14579&refresh_token=21ff939b&x-expires=1762754400&x-signature=B19wCNhcI2DZA2R%2FhBPBv1W0g0Y%3D&t=4d5b0474&ps=13740610&shp=30310797&shcp=ff37627b&idc=maliva","7394862902015427335","1721750703","2024-07-23T16:05:03.000Z",,,,,"6","https://www.tiktok.com/@showbiznuplum/video/7394729290308390145?q=huy%20ma&t=1762337639196","false",,,"7394838538887824136",,"https://www.tiktok.com/@showbiznuplum/video/7394729290308390145?q=huy%20ma&t=1762337639196","Là bệnh từ thế kỷ trước á😂","6539011065195380737","azuy198","https://www.tiktok.com/@showbiznuplum/video/7394729290308390145"
"https://p16-sign-sg.tiktokcdn.com/tos-alisg-avt-0068/0bd54e166ed9bb0050efd2ce5b51b9e6~tplv-tiktokx-cropcenter:100:100.jpg?dr=14579&refresh_token=53460ed9&x-expires=1762754400&x-signature=f3p1K8DXxQge8l1hjVdudJjB2sA%3D&t=4d5b0474&ps=13740610&shp=30310797&shcp=ff37627b&idc=maliva","7394858411727078160","1721749666","2024-07-23T15:47:46.000Z","dzyy_nekk:3","https://www.tiktok.com/@7279585652722713607","MS4wLjABAAAAh8ZU6lk98EC6nyXT218X5hwU2oJdzTZXteKQuEnq3ayY-9LcrRHrNIAshqC8pCY2","7279585652722713607","0","https://www.tiktok.com/@showbiznuplum/video/7394729290308390145?q=huy%20ma&t=1762337639196","false","@dzyy_nekk:3",,"7394838538887824136",,"https://www.tiktok.com/@showbiznuplum/video/7394729290308390145?q=huy%20ma&t=1762337639196","@dzyy_nekk:3 🥰🥰","7070350132558054426","chucmeomeo2","https://www.tiktok.com/@showbiznuplum/video/7394729290308390145"
"https://p16-sign-sg.tiktokcdn.com/tos-alisg-avt-0068/ce5293c2ca6adb5227fbeda05c31380f~tplv-tiktokx-cropcenter:100:100.jpg?dr=14579&refresh_token=cf889778&x-expires=1762754400&x-signature=bbUmM7%2F1bcmBDqRQDUHXkIIQzeA%3D&t=4d5b0474&ps=13740610&shp=30310797&shcp=ff37627b&idc=maliva","7395023406725776135","1721788081","2024-07-24T02:28:01.000Z",,,,,"0","https://www.tiktok.com/@showbiznuplum/video/7394729290308390145?q=huy%20ma&t=1762337639196","false",,,"7394838538887824136",,"https://www.tiktok.com/@showbiznuplum/video/7394729290308390145?q=huy%20ma&t=1762337639196","vaiz...","7279585652722713607","_vyniee.ulzz_","https://www.tiktok.com/@showbiznuplum/video/7394729290308390145"
"https://p16-sign-sg.tiktokcdn.com/tos-alisg-avt-0068/7761ab196ff66f25a36829fd906216d5~tplv-tiktokx-cropcenter:100:100.jpg?dr=14579&refresh_token=9204bf06&x-expires=1762754400&x-signature=QvwYiG8E1iTv1Z1sWnPCoHLsFYw%3D&t=4d5b0474&ps=13740610&shp=30310797&shcp=ff37627b&idc=maliva","7394841023724077840","1721745622","2024-07-23T14:40:22.000Z",,,,,"3","https://www.tiktok.com/@showbiznuplum/video/7394729290308390145?q=huy%20ma&t=1762337639196","false",,,"7394838538887824136",,"https://www.tiktok.com/@showbiznuplum/video/7394729290308390145?q=huy%20ma&t=1762337639196","HIV nhé bn","7336557249793967105","nginguyn","https://www.tiktok.com/@showbiznuplum/video/7394729290308390145"
"https://p16-sign-sg.tiktokcdn.com/tos-alisg-avt-0068/c23fef61e94c2c78d8ef5e632c96def6~tplv-tiktokx-cropcenter:100:100.jpg?dr=14579&refresh_token=9d497293&x-expires=1762754400&x-signature=VOhIXcz6%2FDGc8xrBze0xKbFgScU%3D&t=4d5b0474&ps=13740610&shp=30310797&shcp=ff37627b&idc=maliva","7396377407345869576","1722103322","2024-07-27T18:02:02.000Z",,,,,"0","https://www.tiktok.com/@showbiznuplum/video/7394729290308390145?q=huy%20ma&t=1762337639196","false",,,"7394838538887824136",,"https://www.tiktok.com/@showbiznuplum/video/7394729290308390145?q=huy%20ma&t=1762337639196","Hiv","6600996193189838850","khoinguyentuan2","https://www.tiktok.com/@showbiznuplum/video/7394729290308390145"
"https://p16-sign-sg.tiktokcdn.com/tos-alisg-avt-0068/19d6c2db707d0fa6d2c93fbe8235947f~tplv-tiktokx-cropcenter:100:100.jpg?dr=14579&refresh_token=701a6a8c&x-expires=1762754400&x-signature=80%2BzMjT%2FeCZBjXFV32KXEjT6HNU%3D&t=4d5b0474&ps=13740610&shp=30310797&shcp=ff37627b&idc=maliva","7394852649391309585","1721748327","2024-07-23T15:25:27.000Z",,,,,"0","https://www.tiktok.com/@showbiznuplum/video/7394729290308390145?q=huy%20ma&t=1762337639196","false",,,"7394838538887824136",,"https://www.tiktok.com/@showbiznuplum/video/7394729290308390145?q=huy%20ma&t=1762337639196","Sida","7271235440957948936","changpeoquemientay0","https://www.tiktok.com/@showbiznuplum/video/7394729290308390145"
"https://p16-common-sign.tiktokcdn-us.com/tos-alisg-avt-0068/71e7f5d3f686ce242b3ce12ac1c8cba1~tplv-tiktokx-cropcenter:100:100.jpg?dr=9640&refresh_token=3a3394b8&x-expires=1762754400&x-signature=hVRR8GoPZs8wMqEED10Bcd9HDmw%3D&t=4d5b0474&ps=13740610&shp=30310797&shcp=ff37627b&idc=useast5","7394806020234887943","1721737452","2024-07-23T12:24:12.000Z",,,,,"7","https://www.tiktok.com/@showbiznuplum/video/7394729290308390145?q=huy%20ma&t=1762337639196","false",,"false",,"0","https://www.tiktok.com/@showbiznuplum/video/7394729290308390145?q=huy%20ma&t=1762337639196","Bot găm thì chịu mà tiu cực chi sống tốt uống thuốc thì khác gì người bình thường","6899739780620321793","phat_naito_001","https://www.tiktok.com/@showbiznuplum/video/7394729290308390145"
"https://p16-common-sign.tiktokcdn-us.com/tos-alisg-avt-0068/a3d7e81c4304b28e76ed438be312fe05~tplv-tiktokx-cropcenter:100:100.jpg?dr=9640&refresh_token=74c9c4c4&x-expires=1762754400&x-signature=lZpYa2%2F%2FTYf68gjHxWJQqVTfT44%3D&t=4d5b0474&ps=13740610&shp=30310797&shcp=ff37627b&idc=useast5","7416369513602777873","1726758106","2024-09-19T15:01:46.000Z",,,,,"0","https://www.tiktok.com/@showbiznuplum/video/7394729290308390145?q=huy%20ma&t=1762337639196","false",,"false",,"0","https://www.tiktok.com/@showbiznuplum/video/7394729290308390145?q=huy%20ma&t=1762337639196","cố lên sống vui vẻ ngày nào hay ngày ấy","7021349216103498778","v.p2216","https://www.tiktok.com/@showbiznuplum/video/7394729290308390145"
"https://p16-common-sign.tiktokcdn-us.com/tos-alisg-avt-0068/29a77edbac1f6ca3cba3743f501feca2~tplv-tiktokx-cropcenter:100:100.jpg?dr=9640&refresh_token=e9000231&x-expires=1762754400&x-signature=7M0uFg6VrzFfttTIgFk5TFll1Ls%3D&t=4d5b0474&ps=13740610&shp=30310797&shcp=ff37627b&idc=useast5","7535888170254353170","1754585701","2025-08-07T16:55:01.000Z",,,,,"0","https://www.tiktok.com/@showbiznuplum/video/7394729290308390145?q=huy%20ma&t=1762337639196","false",,"false",,"0","https://www.tiktok.com/@showbiznuplum/video/7394729290308390145?q=huy%20ma&t=1762337639196","ụa ổg đóng trog phim bánh mì hạ đùu hồi tuổi thơ của t lun hay coii","6780664594438620162","nhucuaane","https://www.tiktok.com/@showbiznuplum/video/7394729290308390145"
"https://p16-common-sign.tiktokcdn-us.com/tos-alisg-avt-0068/beaf2b02e77d8e77ae8a956b7d09993c~tplv-tiktokx-cropcenter:100:100.jpg?dr=9640&refresh_token=216f5338&x-expires=1762754400&x-signature=1ldnD%2Brlx2jerwjYjyJoIqfrsnM%3D&t=4d5b0474&ps=13740610&shp=30310797&shcp=ff37627b&idc=useast5","7397673268737983250","1722405031","2024-07-31T05:50:31.000Z",,,,,"0","https://www.tiktok.com/@showbiznuplum/video/7394729290308390145?q=huy%20ma&t=1762337639196","false",,"false",,"0","https://www.tiktok.com/@showbiznuplum/video/7394729290308390145?q=huy%20ma&t=1762337639196","ăn của tk nào mà bị v😂😂","7330224573370565639","flyyyyyyyy09","https://www.tiktok.com/@showbiznuplum/video/7394729290308390145"
"https://p16-common-sign.tiktokcdn-us.com/tos-alisg-avt-0068/065243712fccb8ebfb08426d76f8c944~tplv-tiktokx-cropcenter:100:100.jpg?dr=9640&refresh_token=1ef81654&x-expires=1762754400&x-signature=NGgIYJMbo8iUcAz9Qz3Df6tv%2Fq0%3D&t=4d5b0474&ps=13740610&shp=30310797&shcp=ff37627b&idc=useast5","7513490592271270663","1749370856","2025-06-08T08:20:56.000Z",,,,,"0","https://www.tiktok.com/@showbiznuplum/video/7394729290308390145?q=huy%20ma&t=1762337639196","false",,"false",,"0","https://www.tiktok.com/@showbiznuplum/video/7394729290308390145?q=huy%20ma&t=1762337639196","😋😋😋","6514954313382133761","lgi_lgiang","https://www.tiktok.com/@showbiznuplum/video/7394729290308390145"
"https://p16-common-sign.tiktokcdn-us.com/tos-alisg-avt-0068/2d1bb63dcf69dc33bf58f3670596589c~tplv-tiktokx-cropcenter:100:100.jpg?dr=9640&refresh_token=48700ca0&x-expires=1762754400&x-signature=%2BucLSH9UOgMZ%2BXCL3GByekqh98E%3D&t=4d5b0474&ps=13740610&shp=30310797&shcp=ff37627b&idc=useast5","7395039462201934600","1721791811","2024-07-24T03:30:11.000Z",,,,,"0","https://www.tiktok.com/@showbiznuplum/video/7394729290308390145?q=huy%20ma&t=1762337639196","false",,"false",,"0","https://www.tiktok.com/@showbiznuplum/video/7394729290308390145?q=huy%20ma&t=1762337639196","hậu quả của việc không đeo bao🤡","7024742792895448065","_22th5_","https://www.tiktok.com/@showbiznuplum/video/7394729290308390145"
"https://p16-common-sign.tiktokcdn-us.com/tos-alisg-avt-0068/b6bcf92c8883e8d63db0fa0669a0d46a~tplv-tiktokx-cropcenter:100:100.jpg?dr=9640&refresh_token=8fab9b07&x-expires=1762754400&x-signature=pKY8S2PTJNERZjeEeL1ZTy3FOHc%3D&t=4d5b0474&ps=13740610&shp=30310797&shcp=ff37627b&idc=useast5","7395016520060289799","1721786476","2024-07-24T02:01:16.000Z",,,,,"0","https://www.tiktok.com/@showbiznuplum/video/7394729290308390145?q=huy%20ma&t=1762337639196","false",,"false",,"0","https://www.tiktok.com/@showbiznuplum/video/7394729290308390145?q=huy%20ma&t=1762337639196","H.I.V","7044929716889469953","ereykopp","https://www.tiktok.com/@showbiznuplum/video/7394729290308390145"
"https://p16-common-sign.tiktokcdn-us.com/tos-alisg-avt-0068/a7d633ed884668697226a469d1ecead5~tplv-tiktokx-cropcenter:100:100.jpg?dr=9640&refresh_token=7f2eae45&x-expires=1762754400&x-signature=11pSpi3rlo0DPDB%2BrKox6q53%2BXs%3D&t=4d5b0474&ps=13740610&shp=30310797&shcp=ff37627b&idc=useast5","7394969308613247752","1721775487","2024-07-23T22:58:07.000Z",,,,,"0","https://www.tiktok.com/@showbiznuplum/video/7394729290308390145?q=huy%20ma&t=1762337639196","false",,"false",,"0","https://www.tiktok.com/@showbiznuplum/video/7394729290308390145?q=huy%20ma&t=1762337639196","thì kì thị cũng đúng mà 1 là do qh 2 là trực tiếp sd","6845182611854459905","quang462002","https://www.tiktok.com/@showbiznuplum/video/7394729290308390145"
"https://p16-common-sign.tiktokcdn-us.com/tos-alisg-avt-0068/2ff522bbf4d5f5ce16ab9ef222ee1340~tplv-tiktokx-cropcenter:100:100.jpg?dr=9640&refresh_token=b7758594&x-expires=1762754400&x-signature=rUC1uxlu2sFhtiRKCCpOsfe5%2Buo%3D&t=4d5b0474&ps=13740610&shp=30310797&shcp=ff37627b&idc=useast5","7394846515435815700","1721746900","2024-07-23T15:01:40.000Z",,,,,"0","https://www.tiktok.com/@showbiznuplum/video/7394729290308390145?q=huy%20ma&t=1762337639196","false",,"false",,"0","https://www.tiktok.com/@showbiznuplum/video/7394729290308390145?q=huy%20ma&t=1762337639196","Hiv","7362784295578977281","thittrecon378","https://www.tiktok.com/@showbiznuplum/video/7394729290308390145"
"https://p16-common-sign.tiktokcdn-us.com/tos-alisg-avt-0068/7381083908311351317~tplv-tiktokx-cropcenter:100:100.jpg?dr=9640&refresh_token=7bb999c6&x-expires=1762754400&x-signature=WJRElxB7bzBJFSnepwaeEXaRCqs%3D&t=4d5b0474&ps=13740610&shp=30310797&shcp=ff37627b&idc=useast5","7394959335699055367","1721773162","2024-07-23T22:19:22.000Z",,,,,"1","https://www.tiktok.com/@showbiznuplum/video/7394729290308390145?q=huy%20ma&t=1762337639196","false",,"false",,"0","https://www.tiktok.com/@showbiznuplum/video/7394729290308390145?q=huy%20ma&t=1762337639196","nghệ sĩ đứa nào cũng bị bóng đè nhie","7380560720562340870","dvdlbp","https://www.tiktok.com/@showbiznuplum/video/7394729290308390145"
"https://p16-common-sign.tiktokcdn-us.com/tos-alisg-avt-0068/a38d511b1babdaf14e73ed11cfd52e5c~tplv-tiktokx-cropcenter:100:100.jpg?dr=9640&refresh_token=0168a025&x-expires=1762754400&x-signature=U3%2BPHcBHD%2FwgWBx3Pz7jNdnGSEs%3D&t=4d5b0474&ps=13740610&shp=30310797&shcp=ff37627b&idc=useast5","7394977063835730696","1721777300","2024-07-23T23:28:20.000Z",,,,,"1","https://www.tiktok.com/@showbiznuplum/video/7394729290308390145?q=huy%20ma&t=1762337639196","false",,"false",,"1","https://www.tiktok.com/@showbiznuplum/video/7394729290308390145?q=huy%20ma&t=1762337639196","Biết bị UT người ta còn thân thiện, còn hiv thì không có chuyện đó đâu nha, hãy tự bảo vệ bản thân.","6887872682601153537",".teanny","https://www.tiktok.com/@showbiznuplum/video/7394729290308390145"
"https://p16-common-sign.tiktokcdn-us.com/tos-alisg-avt-0068/b5741c134b934fb23b4bfe893047c289~tplv-tiktokx-cropcenter:100:100.jpg?dr=9640&refresh_token=af6aa1fc&x-expires=1762754400&x-signature=pEPvEFb%2FUvi37kHRUR8k%2BDqEyBg%3D&t=4d5b0474&ps=13740610&shp=30310797&shcp=ff37627b&idc=useast5","7394899088887726866","1721759126","2024-07-23T18:25:26.000Z",,,,,"1","https://www.tiktok.com/@showbiznuplum/video/7394729290308390145?q=huy%20ma&t=1762337639196","false",,"false",,"0","https://www.tiktok.com/@showbiznuplum/video/7394729290308390145?q=huy%20ma&t=1762337639196","Bệnh đấy giờ gọi là bệnh mãn tính rồi chứ còn thế kỉ nữa đâu","7105689050514375682","qi_210306","https://www.tiktok.com/@showbiznuplum/video/7394729290308390145"
"https://p16-common-sign.tiktokcdn-us.com/tos-alisg-avt-0068/0934f99da5bee391caacbe6c88c79a0e~tplv-tiktokx-cropcenter:100:100.jpg?dr=9640&refresh_token=fd8355c3&x-expires=1762754400&x-signature=tlbvXapJ83puX65E%2Foj7h0c9Y0k%3D&t=4d5b0474&ps=13740610&shp=30310797&shcp=ff37627b&idc=useast5","7394843307023319815","1721746137","2024-07-23T14:48:57.000Z",,,,,"1","https://www.tiktok.com/@showbiznuplum/video/7394729290308390145?q=huy%20ma&t=1762337639196","false",,"false",,"0","https://www.tiktok.com/@showbiznuplum/video/7394729290308390145?q=huy%20ma&t=1762337639196","bệnh đó nếu nói thoi ngày xưa xh còn lúa nên kỳ thị còn bay jo xh đã 5.0 ai ma kỳ thị.ai ma k có quá khứ.ngta ăn choi bay jo ngta đa gánh chịu nghiêp nên moi nên mo lòng ra.đức độ hỉ sả từ bi đi","6562503303392854017","lindatran337","https://www.tiktok.com/@showbiznuplum/video/7394729290308390145"
"https://p16-common-sign.tiktokcdn-us.com/tos-alisg-avt-0068/a2dc93c8fae0c478a7f1dced133e75e0~tplv-tiktokx-cropcenter:100:100.jpg?dr=9640&refresh_token=5ed22d09&x-expires=1762754400&x-signature=vOvUKpJUihFdJNjGNqzxiqmbyJs%3D&t=4d5b0474&ps=13740610&shp=30310797&shcp=ff37627b&idc=useast5","7394805590268936978","1721737355","2024-07-23T12:22:35.000Z",,,,,"4","https://www.tiktok.com/@showbiznuplum/video/7394729290308390145?q=huy%20ma&t=1762337639196","false",,"false",,"3","https://www.tiktok.com/@showbiznuplum/video/7394729290308390145?q=huy%20ma&t=1762337639196","Bện thế kỉ là j vậy ạ","7370321933152863238","bonniealice.1995","https://www.tiktok.com/@showbiznuplum/video/7394729290308390145"
"https://p16-common-sign.tiktokcdn-us.com/tos-alisg-avt-0068/7387194327618977812~tplv-tiktokx-cropcenter:100:100.jpg?dr=9640&refresh_token=f95dc2c8&x-expires=1762754400&x-signature=5v16GH60F%2F75WJ2zxijXBgCJ35U%3D&t=4d5b0474&ps=13740610&shp=30310797&shcp=ff37627b&idc=useast5","7395000400027861761","1721782745","2024-07-24T00:59:05.000Z",,,,,"0","https://www.tiktok.com/@showbiznuplum/video/7394729290308390145?q=huy%20ma&t=1762337639196","false",,"false",,"0","https://www.tiktok.com/@showbiznuplum/video/7394729290308390145?q=huy%20ma&t=1762337639196","lý do nào bị nhiễm thế nhỉ? bệnh đồng cảm mà vì nhận thức đã lớn hơn xưa. nhưng vì sao bệnh phải có lí do để thành kinh nghiệm cho người khác chứ","7387193167337030657","im.dr..n.gin","https://www.tiktok.com/@showbiznuplum/video/7394729290308390145"
"https://p16-common-sign.tiktokcdn-us.com/tos-alisg-avt-0068/94855017acd13ee4e9b9e07a71ce1365~tplv-tiktokx-cropcenter:100:100.jpg?dr=9640&refresh_token=e404d41c&x-expires=1762754400&x-signature=0Gq%2BZ1TkEbleg5SD3EtkIvHXamk%3D&t=4d5b0474&ps=13740610&shp=30310797&shcp=ff37627b&idc=useast5","7394982215921517319","1721778496","2024-07-23T23:48:16.000Z",,,,,"0","https://www.tiktok.com/@showbiznuplum/video/7394729290308390145?q=huy%20ma&t=1762337639196","false",,"false",,"0","https://www.tiktok.com/@showbiznuplum/video/7394729290308390145?q=huy%20ma&t=1762337639196","HIV à","6634303922269306881","huy_fish","https://www.tiktok.com/@showbiznuplum/video/7394729290308390145"
"https://p16-common-sign.tiktokcdn-us.com/tos-alisg-avt-0068/59b6181262f075ac3fa1c3e2ba66dd55~tplv-tiktokx-cropcenter:100:100.jpg?dr=9640&refresh_token=8fe655dc&x-expires=1762754400&x-signature=eOFPbtf2PCQo3qjvaPvmuPfQPUg%3D&t=4d5b0474&ps=13740610&shp=30310797&shcp=ff37627b&idc=useast5","7468936452328506119","1738997298","2025-02-08T06:48:18.000Z",,,,,"0","https://www.tiktok.com/@showbiznuplum/video/7394729290308390145?q=huy%20ma&t=1762337639196","false",,"false",,"0","https://www.tiktok.com/@showbiznuplum/video/7394729290308390145?q=huy%20ma&t=1762337639196","Cứ bị bệnh là phân biệt đối xử hả","7448631492182819861","aninlun3","https://www.tiktok.com/@showbiznuplum/video/7394729290308390145"
"https://p16-common-sign.tiktokcdn-us.com/tos-alisg-avt-0068/f069af902e08a925759763de90ee4a89~tplv-tiktokx-cropcenter:100:100.jpg?dr=9640&refresh_token=b1c86b9a&x-expires=1762754400&x-signature=geQmalCk6JS8vq6eWGDIEzirrME%3D&t=4d5b0474&ps=13740610&shp=30310797&shcp=ff37627b&idc=useast5","7394916607062344465","1721763245","2024-07-23T19:34:05.000Z",,,,,"0","https://www.tiktok.com/@showbiznuplum/video/7394729290308390145?q=huy%20ma&t=1762337639196","false",,"false",,"0","https://www.tiktok.com/@showbiznuplum/video/7394729290308390145?q=huy%20ma&t=1762337639196","bệnh mà book bài seeding dữ z","6847856179470550017","usitts","https://www.tiktok.com/@showbiznuplum/video/7394729290308390145"
"https://p16-common-sign.tiktokcdn-us.com/tos-alisg-avt-0068/7256a31ecfcb1871e1bd719b0c13244d~tplv-tiktokx-cropcenter:100:100.jpg?dr=9640&refresh_token=71d1b29e&x-expires=1762754400&x-signature=f2GU3v7R%2BzvxvQGD5ZrWNZwQCbg%3D&t=4d5b0474&ps=13740610&shp=30310797&shcp=ff37627b&idc=useast5","7394845507443409680","1721746661","2024-07-23T14:57:41.000Z",,,,,"0","https://www.tiktok.com/@showbiznuplum/video/7394729290308390145?q=huy%20ma&t=1762337639196","false",,"false",,"0","https://www.tiktok.com/@showbiznuplum/video/7394729290308390145?q=huy%20ma&t=1762337639196","chơi cho cố","7188537367002891290","lkhang14008","https://www.tiktok.com/@showbiznuplum/video/7394729290308390145"
"https://p19-common-sign.tiktokcdn-us.com/tos-alisg-avt-0068/7384063747897327624~tplv-tiktokx-cropcenter:100:100.jpg?dr=9640&refresh_token=5e89eb78&x-expires=1762754400&x-signature=12SQp0CIE%2BuJrk1zntqZ2jm2E9E%3D&t=4d5b0474&ps=13740610&shp=30310797&shcp=ff37627b&idc=useast5","7395040883190940433","1721792172","2024-07-24T03:36:12.000Z",,,,,"0","https://www.tiktok.com/@showbiznuplum/video/7394729290308390145?q=huy%20ma&t=1762337639196","false",,"false",,"0","https://www.tiktok.com/@showbiznuplum/video/7394729290308390145?q=huy%20ma&t=1762337639196","Chàng trai hư của nữ quyền việt nam day","7384063318694446086","cuong.nguyen5103","https://www.tiktok.com/@showbiznuplum/video/7394729290308390145"
"https://p16-common-sign.tiktokcdn-us.com/tos-alisg-avt-0068/1e9c34fe14bcd9fb01327ce9f3c3564a~tplv-tiktokx-cropcenter:100:100.jpg?dr=9640&refresh_token=47d25f89&x-expires=1762754400&x-signature=PaGX7rMVrJBMYwJ4BSb3BL9BVio%3D&t=4d5b0474&ps=13740610&shp=30310797&shcp=ff37627b&idc=useast5","7394832433026007815","1721743603","2024-07-23T14:06:43.000Z",,,,,"0","https://www.tiktok.com/@showbiznuplum/video/7394729290308390145?q=huy%20ma&t=1762337639196","false",,"false",,"10","https://www.tiktok.com/@showbiznuplum/video/7394729290308390145?q=huy%20ma&t=1762337639196","Phân biệt đối xử :)? HIV ko bị lên án là may r","6996830093050479618","sanomanjiro8236","https://www.tiktok.com/@showbiznuplum/video/7394729290308390145"
"https://p16-common-sign.tiktokcdn-us.com/tos-alisg-avt-0068/36e3cbe0c097740340a8d4538df9e6ba~tplv-tiktokx-cropcenter:100:100.jpg?dr=9640&refresh_token=09514168&x-expires=1762754400&x-signature=CrXgTfCftEi00XN8gZbCsk2FboQ%3D&t=4d5b0474&ps=13740610&shp=30310797&shcp=ff37627b&idc=useast5","7407135379222659847","1724608101","2024-08-25T17:48:21.000Z",,,,,"0","https://www.tiktok.com/@showbiznuplum/video/7394729290308390145?q=huy%20ma&t=1762337639196","false",,"false",,"0","https://www.tiktok.com/@showbiznuplum/video/7394729290308390145?q=huy%20ma&t=1762337639196","Giống ơn Tùng quá","7323133690300515329","mikodino1","https://www.tiktok.com/@showbiznuplum/video/7394729290308390145"
"https://p16-common-sign.tiktokcdn-us.com/tos-alisg-avt-0068/230fc76edb6ea9ee78c6c48824129992~tplv-tiktokx-cropcenter:100:100.jpg?dr=9640&refresh_token=1e52a4f5&x-expires=1762754400&x-signature=1lcjJpd4r2gvUE8A1F8ZXXD94r8%3D&t=4d5b0474&ps=13740610&shp=30310797&shcp=ff37627b&idc=useast5","7396170620898673426","1722055175","2024-07-27T04:39:35.000Z",,,,,"0","https://www.tiktok.com/@showbiznuplum/video/7394729290308390145?q=huy%20ma&t=1762337639196","false",,"false",,"0","https://www.tiktok.com/@showbiznuplum/video/7394729290308390145?q=huy%20ma&t=1762337639196","hai cây kiếm solo h thua khóc 🤡🤡","7372863484114142226","kecoongli","https://www.tiktok.com/@showbiznuplum/video/7394729290308390145"
"https://p16-common-sign.tiktokcdn-us.com/tos-alisg-avt-0068/b7fa67b3526367e9aac31cce4bf90805~tplv-tiktokx-cropcenter:100:100.jpg?dr=9640&refresh_token=fbf41ea6&x-expires=1762754400&x-signature=uBkFbiQA3%2Bda6hLragQM%2B%2BeOW7Y%3D&t=4d5b0474&ps=13740610&shp=30310797&shcp=ff37627b&idc=useast5","7395079667924140801","1721801193","2024-07-24T06:06:33.000Z",,,,,"0","https://www.tiktok.com/@showbiznuplum/video/7394729290308390145?q=huy%20ma&t=1762337639196","false",,"false",,"0","https://www.tiktok.com/@showbiznuplum/video/7394729290308390145?q=huy%20ma&t=1762337639196","Hiv h chỉ là bêệh mãng tính , chỉ khác với người bình thường uống thuốc ngày 1 viên đến cuối đời . Nếu điều trị dưới ngưỡng là có thể có con như người bình thường , tỉ lệ K =K , không thể lây qua td","6674164414940595202","tht180899","https://www.tiktok.com/@showbiznuplum/video/7394729290308390145"
"https://p16-common-sign.tiktokcdn-us.com/tos-alisg-avt-0068/f20ddcc0b8e272a76a4c4e5479de2cb1~tplv-tiktokx-cropcenter:100:100.jpg?dr=9640&refresh_token=73cd96a0&x-expires=1762754400&x-signature=6WrjFMOXroW4BkmDqqWPoAyoib0%3D&t=4d5b0474&ps=13740610&shp=30310797&shcp=ff37627b&idc=useast5","7395068642772501265","1721798621","2024-07-24T05:23:41.000Z",,,,,"0","https://www.tiktok.com/@showbiznuplum/video/7394729290308390145?q=huy%20ma&t=1762337639196","false",,"false",,"0","https://www.tiktok.com/@showbiznuplum/video/7394729290308390145?q=huy%20ma&t=1762337639196","giới thứ 3 thì nhiều đứa bị lám","6550955942308986881","baonamnguyen84","https://www.tiktok.com/@showbiznuplum/video/7394729290308390145"
"https://p16-sign-sg.tiktokcdn.com/tos-alisg-avt-0068/04381c3de5af45e5d762e2849f677798~tplv-tiktokx-cropcenter:100:100.jpg?dr=10399&refresh_token=24a15e36&x-expires=1762754400&x-signature=AkAV10kGVf9F8Z5f7%2B1K8QcxcwQ%3D&t=4d5b0474&ps=13740610&shp=30310797&shcp=ff37627b&idc=no1a","7542836093630513927","1756203395","2025-08-26T10:16:35.000Z",,,,,"0","https://www.tiktok.com/@showbiznuplum/video/7394729290308390145?q=huy%20ma&t=1762337639196","false",,"false",,"0","https://www.tiktok.com/@showbiznuplum/video/7394729290308390145?q=huy%20ma&t=1762337639196","🥰","7060458763099079707","uservzl5v1t.ytui","https://www.tiktok.com/@showbiznuplum/video/7394729290308390145"
"https://p77-sign-sg.tiktokcdn.com/tos-alisg-avt-0068/eb0a34f33a1d6e0fe8718c8acd5cedb2~tplv-tiktokx-cropcenter:100:100.jpg?dr=10399&refresh_token=567d4d76&x-expires=1762754400&x-signature=RRmnj83zC0V5AU4vWkMMAG39JjA%3D&t=4d5b0474&ps=13740610&shp=30310797&shcp=ff37627b&idc=no1a","7422260156250260231","1728129614","2024-10-05T12:00:14.000Z",,,,,"0","https://www.tiktok.com/@showbiznuplum/video/7394729290308390145?q=huy%20ma&t=1762337639196","false",,"false",,"0","https://www.tiktok.com/@showbiznuplum/video/7394729290308390145?q=huy%20ma&t=1762337639196","🥰🥰🥰","7343996758337422341","ng.hin_06","https://www.tiktok.com/@showbiznuplum/video/7394729290308390145"
"https://p16-common-sign.tiktokcdn-us.com/tos-alisg-avt-0068/2ce3d6fe351768ceb778b8e492fd8eea~tplv-tiktokx-cropcenter:100:100.jpg?dr=9640&refresh_token=3c3e3296&x-expires=1762754400&x-signature=dQ14bdb7oZ8XLG6s5HTHXdQekbQ%3D&t=4d5b0474&ps=13740610&shp=30310797&shcp=ff37627b&idc=useast8","7394807707603485448","1721737846","2024-07-23T12:30:46.000Z",,,,,"0","https://www.tiktok.com/@showbiznuplum/video/7394729290308390145?q=huy%20ma&t=1762337639196","false",,,"7394805590268936978",,"https://www.tiktok.com/@showbiznuplum/video/7394729290308390145?q=huy%20ma&t=1762337639196","sui gia","6512550939990933506","baobaoxinh95","https://www.tiktok.com/@showbiznuplum/video/7394729290308390145"
"https://p16-common-sign.tiktokcdn-us.com/tos-alisg-avt-0068/84f5af089aaaf0c64c96f2e7c8432338~tplv-tiktokx-cropcenter:100:100.jpg?dr=9640&refresh_token=c2256f89&x-expires=1762754400&x-signature=lfcfA7MJHowzZfTq%2BR5bP7HMDrk%3D&t=4d5b0474&ps=13740610&shp=30310797&shcp=ff37627b&idc=useast8","7394810703545598736","1721738562","2024-07-23T12:42:42.000Z",,,,,"0","https://www.tiktok.com/@showbiznuplum/video/7394729290308390145?q=huy%20ma&t=1762337639196","false",,,"7394805590268936978",,"https://www.tiktok.com/@showbiznuplum/video/7394729290308390145?q=huy%20ma&t=1762337639196","hiV","7143188577680376858","tduongmamy_","https://www.tiktok.com/@showbiznuplum/video/7394729290308390145"
"https://p16-common-sign.tiktokcdn-us.com/tos-alisg-avt-0068/a2dc93c8fae0c478a7f1dced133e75e0~tplv-tiktokx-cropcenter:100:100.jpg?dr=9640&refresh_token=5ed22d09&x-expires=1762754400&x-signature=vOvUKpJUihFdJNjGNqzxiqmbyJs%3D&t=4d5b0474&ps=13740610&shp=30310797&shcp=ff37627b&idc=useast8","7395112021488108295","1721808701","2024-07-24T08:11:41.000Z",,,,,"0","https://www.tiktok.com/@showbiznuplum/video/7394729290308390145?q=huy%20ma&t=1762337639196","false",,,"7394805590268936978",,"https://www.tiktok.com/@showbiznuplum/video/7394729290308390145?q=huy%20ma&t=1762337639196","Ò cảm ơn bạn","7370321933152863238","bonniealice.1995","https://www.tiktok.com/@showbiznuplum/video/7394729290308390145"
"https://p16-common-sign.tiktokcdn-us.com/tos-alisg-avt-0068/b7fa67b3526367e9aac31cce4bf90805~tplv-tiktokx-cropcenter:100:100.jpg?dr=9640&refresh_token=fbf41ea6&x-expires=1762754400&x-signature=uBkFbiQA3%2Bda6hLragQM%2B%2BeOW7Y%3D&t=4d5b0474&ps=13740610&shp=30310797&shcp=ff37627b&idc=useast5","7395081270424519440","1721801560","2024-07-24T06:12:40.000Z",,,,,"0","https://www.tiktok.com/@showbiznuplum/video/7394729290308390145?q=huy%20ma&t=1762337639196","false",,,"7394977063835730696",,"https://www.tiktok.com/@showbiznuplum/video/7394729290308390145?q=huy%20ma&t=1762337639196","Người xung quanh mày bị sợ mày còn không biết . Bây h thới giới xem Hiv là bệnh mãng tính , phân biệt là người thiếu kiến thức thoi . Ngta ta hiểu thì ai đau kì thị ,","6674164414940595202","tht180899","https://www.tiktok.com/@showbiznuplum/video/7394729290308390145"
"https://p16-common-sign.tiktokcdn-us.com/tos-alisg-avt-0068/0611366dd7525c9f1197b332d97882b3~tplv-tiktokx-cropcenter:100:100.jpg?dr=9640&refresh_token=e00cdc4f&x-expires=1762754400&x-signature=DyrAz1it47mKfVsWVuGqqmgUlCc%3D&t=4d5b0474&ps=13740610&shp=30310797&shcp=ff37627b&idc=useast5","7394845705863856904","1721746697","2024-07-23T14:58:17.000Z",,,,,"2","https://www.tiktok.com/@showbiznuplum/video/7394729290308390145?q=huy%20ma&t=1762337639196","false",,,"7394832433026007815",,"https://www.tiktok.com/@showbiznuplum/video/7394729290308390145?q=huy%20ma&t=1762337639196","lên án ? bộ ngta muốn mik bị vậy để cho mn lên án lắm hả lm như là bị phạm tội j hong bằng v á","7359494102142452754","nhatvyyy06","https://www.tiktok.com/@showbiznuplum/video/7394729290308390145"
"https://p16-common-sign.tiktokcdn-us.com/tos-alisg-avt-0068/1e9c34fe14bcd9fb01327ce9f3c3564a~tplv-tiktokx-cropcenter:100:100.jpg?dr=9640&refresh_token=47d25f89&x-expires=1762754400&x-signature=PaGX7rMVrJBMYwJ4BSb3BL9BVio%3D&t=4d5b0474&ps=13740610&shp=30310797&shcp=ff37627b&idc=useast5","7394906006663136008","1721760740","2024-07-23T18:52:20.000Z",,,,,"0","https://www.tiktok.com/@showbiznuplum/video/7394729290308390145?q=huy%20ma&t=1762337639196","false",,,"7394832433026007815",,"https://www.tiktok.com/@showbiznuplum/video/7394729290308390145?q=huy%20ma&t=1762337639196","🤣🤣 Nực cười vừa , ko muốn thì đừng có làm 🤣🤣 làm xog đòi ngkhac bênh mình à 😞 làm đéo gì có chuyện đấy","6996830093050479618","sanomanjiro8236","https://www.tiktok.com/@showbiznuplum/video/7394729290308390145"
"https://p16-common-sign.tiktokcdn-us.com/tos-alisg-avt-0068/4a8001e6dffd86fac201184f0fe441e9~tplv-tiktokx-cropcenter:100:100.jpg?dr=9640&refresh_token=56cb0a73&x-expires=1762754400&x-signature=%2FTUUrNtojOGmfoTif5fR%2B0Jcm2E%3D&t=4d5b0474&ps=13740610&shp=30310797&shcp=ff37627b&idc=useast5","7394974815519556372","1721776773","2024-07-23T23:19:33.000Z",,,,,"0","https://www.tiktok.com/@showbiznuplum/video/7394729290308390145?q=huy%20ma&t=1762337639196","false",,,"7394832433026007815",,"https://www.tiktok.com/@showbiznuplum/video/7394729290308390145?q=huy%20ma&t=1762337639196","làm gì m nói gì v?","7134182738369938434","yaho2288","https://www.tiktok.com/@showbiznuplum/video/7394729290308390145"
"https://p16-common-sign.tiktokcdn-us.com/tos-alisg-avt-0068/4a8001e6dffd86fac201184f0fe441e9~tplv-tiktokx-cropcenter:100:100.jpg?dr=9640&refresh_token=56cb0a73&x-expires=1762754400&x-signature=%2FTUUrNtojOGmfoTif5fR%2B0Jcm2E%3D&t=4d5b0474&ps=13740610&shp=30310797&shcp=ff37627b&idc=useast5","7394975056240329493","1721776862","2024-07-23T23:21:02.000Z",,,,,"0","https://www.tiktok.com/@showbiznuplum/video/7394729290308390145?q=huy%20ma&t=1762337639196","false",,,"7394832433026007815",,"https://www.tiktok.com/@showbiznuplum/video/7394729290308390145?q=huy%20ma&t=1762337639196","người ta bị bệnh đã khổ lắm r lên án cái đéo suy nghĩ lạc hậu vc","7134182738369938434","yaho2288","https://www.tiktok.com/@showbiznuplum/video/7394729290308390145"
"https://p16-common-sign.tiktokcdn-us.com/tos-alisg-avt-0068/1e9c34fe14bcd9fb01327ce9f3c3564a~tplv-tiktokx-cropcenter:100:100.jpg?dr=9640&refresh_token=47d25f89&x-expires=1762754400&x-signature=PaGX7rMVrJBMYwJ4BSb3BL9BVio%3D&t=4d5b0474&ps=13740610&shp=30310797&shcp=ff37627b&idc=useast5","7395008042972742407","1721784500","2024-07-24T01:28:20.000Z",,,,,"0","https://www.tiktok.com/@showbiznuplum/video/7394729290308390145?q=huy%20ma&t=1762337639196","false",,,"7394832433026007815",,"https://www.tiktok.com/@showbiznuplum/video/7394729290308390145?q=huy%20ma&t=1762337639196","🤣🤣🤣 Hay đấy m biết nguyên nhân bị HIV là do đâu ko mà nói :)?","6996830093050479618","sanomanjiro8236","https://www.tiktok.com/@showbiznuplum/video/7394729290308390145"
"https://p16-common-sign.tiktokcdn-us.com/tos-alisg-avt-0068/4a8001e6dffd86fac201184f0fe441e9~tplv-tiktokx-cropcenter:100:100.jpg?dr=9640&refresh_token=56cb0a73&x-expires=1762754400&x-signature=%2FTUUrNtojOGmfoTif5fR%2B0Jcm2E%3D&t=4d5b0474&ps=13740610&shp=30310797&shcp=ff37627b&idc=useast5","7395032194190836501","1721790146","2024-07-24T03:02:26.000Z",,,,,"0","https://www.tiktok.com/@showbiznuplum/video/7394729290308390145?q=huy%20ma&t=1762337639196","false",,,"7394832433026007815",,"https://www.tiktok.com/@showbiznuplum/video/7394729290308390145?q=huy%20ma&t=1762337639196","thì sao có nhiều cách lây nhiễm m kh bt rõ sự việc như nào đòi lên án nh ta?","7134182738369938434","yaho2288","https://www.tiktok.com/@showbiznuplum/video/7394729290308390145"
"https://p16-common-sign.tiktokcdn-us.com/tos-alisg-avt-0068/1e9c34fe14bcd9fb01327ce9f3c3564a~tplv-tiktokx-cropcenter:100:100.jpg?dr=9640&refresh_token=47d25f89&x-expires=1762754400&x-signature=PaGX7rMVrJBMYwJ4BSb3BL9BVio%3D&t=4d5b0474&ps=13740610&shp=30310797&shcp=ff37627b&idc=useast5","7395033494965322503","1721790422","2024-07-24T03:07:02.000Z",,,,,"0","https://www.tiktok.com/@showbiznuplum/video/7394729290308390145?q=huy%20ma&t=1762337639196","false",,,"7394832433026007815",,"https://www.tiktok.com/@showbiznuplum/video/7394729290308390145?q=huy%20ma&t=1762337639196","Đã là diễn viên nổi tiếng thì phải cẩn thận mà cx chả cần nổi tiếng cx phải cẩn thận đấy đừng nói vô tình, bệnh này ko phải vô tình mà bị :) ok","6996830093050479618","sanomanjiro8236","https://www.tiktok.com/@showbiznuplum/video/7394729290308390145"
"https://p16-common-sign.tiktokcdn-us.com/tos-alisg-avt-0068/1e9c34fe14bcd9fb01327ce9f3c3564a~tplv-tiktokx-cropcenter:100:100.jpg?dr=9640&refresh_token=47d25f89&x-expires=1762754400&x-signature=PaGX7rMVrJBMYwJ4BSb3BL9BVio%3D&t=4d5b0474&ps=13740610&shp=30310797&shcp=ff37627b&idc=useast5","7395160270493238034","1721819937","2024-07-24T11:18:57.000Z",,,,,"0","https://www.tiktok.com/@showbiznuplum/video/7394729290308390145?q=huy%20ma&t=1762337639196","false",,,"7394832433026007815",,"https://www.tiktok.com/@showbiznuplum/video/7394729290308390145?q=huy%20ma&t=1762337639196","Sao ko rep nx hay thấy đúng quá nên ko dám nói lại 🤣🤣","6996830093050479618","sanomanjiro8236","https://www.tiktok.com/@showbiznuplum/video/7394729290308390145"
"https://p16-common-sign.tiktokcdn-us.com/tos-alisg-avt-0068/4a8001e6dffd86fac201184f0fe441e9~tplv-tiktokx-cropcenter:100:100.jpg?dr=9640&refresh_token=56cb0a73&x-expires=1762754400&x-signature=%2FTUUrNtojOGmfoTif5fR%2B0Jcm2E%3D&t=4d5b0474&ps=13740610&shp=30310797&shcp=ff37627b&idc=useast5","7395160793681773333","1721820067","2024-07-24T11:21:07.000Z",,,,,"0","https://www.tiktok.com/@showbiznuplum/video/7394729290308390145?q=huy%20ma&t=1762337639196","false",,,"7394832433026007815",,"https://www.tiktok.com/@showbiznuplum/video/7394729290308390145?q=huy%20ma&t=1762337639196","làm gì?","7134182738369938434","yaho2288","https://www.tiktok.com/@showbiznuplum/video/7394729290308390145"
"https://p16-common-sign.tiktokcdn-us.com/tos-alisg-avt-0068/7322043465552887810~tplv-tiktokx-cropcenter:100:100.jpg?dr=9640&refresh_token=7edf981d&x-expires=1762754400&x-signature=%2Fjc%2BrKBMxqynQoE0wUE7GE2kIH4%3D&t=4d5b0474&ps=13740610&shp=30310797&shcp=ff37627b&idc=useast5","7397263395370353424","1722309602","2024-07-30T03:20:02.000Z",,,,,"0","https://www.tiktok.com/@showbiznuplum/video/7394729290308390145?q=huy%20ma&t=1762337639196","false",,,"7394832433026007815",,"https://www.tiktok.com/@showbiznuplum/video/7394729290308390145?q=huy%20ma&t=1762337639196","Em có chắc sau này em ko có lúc bất cẩn hoặc mắc sai lầm ko,chuyện đã xảy ra rồi, thì nên động viên để người ta vượt qua và bệnh này bây h dùng thuốc vẫn sống khỏe mạnh và ko lây nhiễm cho người khác","6788017809156424706","tamnguyenloveyou","https://www.tiktok.com/@showbiznuplum/video/7394729290308390145"
