"avatarThumbnail","cid","createTime","createTimeISO","detailedMentions/0/nickName","detailedMentions/0/profileUrl","detailedMentions/0/secUid","detailedMentions/0/userId","detailedMentions/1/nickName","detailedMentions/1/profileUrl","detailedMentions/1/secUid","detailedMentions/1/userId","diggCount","input","likedByAuthor","mentions/0","mentions/1","pinnedByAuthor","repliesToId","replyCommentTotal","submittedVideoUrl","text","uid","uniqueId","videoWebUrl"
"https://p16-common-sign.tiktokcdn-us.com/tos-alisg-avt-0068/c4e655d0671a215f058df8d641d29b16~tplv-tiktokx-cropcenter:100:100.jpg?dr=9640&refresh_token=66c369ee&x-expires=1762311600&x-signature=6AshadZeRGQiD%2BIsRlCEAAYEYkg%3D&t=4d5b0474&ps=13740610&shp=30310797&shcp=ff37627b&idc=useast8","7473365028281041671","1740028403","2025-02-20T05:13:23.000Z",,,,,,,,,"4","https://www.tiktok.com/@lgbt.vn/video/7461209177671601415","false",,,"false",,"0","https://www.tiktok.com/@lgbt.vn/video/7461209177671601415","Do you think of the ultra nationalists and wonder why Vietnam would not accept them just for that reason?","7268486794848453637","csto57","https://www.tiktok.com/@lgbt.vn/video/7461209177671601415"
"https://p16-common-sign.tiktokcdn-us.com/tos-alisg-avt-0068/d138c7928385278b05da820c38cbaae8~tplv-tiktokx-cropcenter:100:100.jpg?dr=9640&refresh_token=97d52747&x-expires=1762311600&x-signature=HqvidQGs7qGb8ud8jXStf76o8KE%3D&t=4d5b0474&ps=13740610&shp=30310797&shcp=ff37627b&idc=useast8","7472663403807769362","1739865043","2025-02-18T07:50:43.000Z","Tường Love 12✨","https://www.tiktok.com/@7004797294332429314","MS4wLjABAAAAhKPYPUTtc8dIGmnTmgsedw8M3fIwHBvWqRNDvZ_SJ79vSHeIGbZFuaR4MzfcodE8","7004797294332429314","aN Kiriya","https://www.tiktok.com/@7068415044597793819","MS4wLjABAAAA0XrFyivHdhkM5k2FWvp_R5AWER6XZv6OLe774dZFsEkiGCxGiZ8lxxM1nEYuYNel","7068415044597793819","2","https://www.tiktok.com/@lgbt.vn/video/7461209177671601415","false","@Tường Love 12✨","@aN Kiriya","false",,"1","https://www.tiktok.com/@lgbt.vn/video/7461209177671601415","@Tường Love 12✨ @aN Kiriya thầy cúng ☺️🥀","7287555453360571399","trng.vit.hng5","https://www.tiktok.com/@lgbt.vn/video/7461209177671601415"
"https://p19-common-sign.tiktokcdn-us.com/tos-alisg-avt-0068/52f6f42bb120612b1ca2dfd41bb61141~tplv-tiktokx-cropcenter:100:100.jpg?dr=9640&refresh_token=bcf933eb&x-expires=1762311600&x-signature=EgJf%2FLqO7wJ1KnP%2BTxchrHbLlJQ%3D&t=4d5b0474&ps=13740610&shp=30310797&shcp=ff37627b&idc=useast8","7461623413791687432","1737294597","2025-01-19T13:49:57.000Z","Hoàng Tử Mưa","https://www.tiktok.com/@7199558180153115649","MS4wLjABAAAAQICH0mD8vVmZyK1Spt80wkEikOqus_AUqLgbWLgySiB09auGk0HiaJ_g-fEMpuPY","7199558180153115649",,,,,"2","https://www.tiktok.com/@lgbt.vn/video/7461209177671601415","false","@Hoàng Tử Mưa",,"false",,"0","https://www.tiktok.com/@lgbt.vn/video/7461209177671601415","@Hoàng Tử Mưa","7061553921923531778","232007ak","https://www.tiktok.com/@lgbt.vn/video/7461209177671601415"
"https://p16-common-sign.tiktokcdn-us.com/tos-alisg-avt-0068/7afdc4aaf7d8b5855cfa3c1d90d7de6f~tplv-tiktokx-cropcenter:100:100.jpg?dr=9640&refresh_token=d7cb83d6&x-expires=1762311600&x-signature=BOVn9o0Akd%2FGzKewnqNaZIiSR68%3D&t=4d5b0474&ps=13740610&shp=30310797&shcp=ff37627b&idc=useast8","7474923059250791186","1740391158","2025-02-24T09:59:18.000Z",,,,,,,,,"0","https://www.tiktok.com/@lgbt.vn/video/7461209177671601415","false",,,"false",,"0","https://www.tiktok.com/@lgbt.vn/video/7461209177671601415","😂😂😂😂","7447502151835026438","nxidh0","https://www.tiktok.com/@lgbt.vn/video/7461209177671601415"
"https://p16-common-sign.tiktokcdn-us.com/tos-alisg-avt-0068/b6f020e081d24ea7b6514acc758cb193~tplv-tiktokx-cropcenter:100:100.jpg?dr=9640&refresh_token=365ffddd&x-expires=1762311600&x-signature=pS2pSjqVYjXecpeqRWvDk%2BGrHiw%3D&t=4d5b0474&ps=13740610&shp=30310797&shcp=ff37627b&idc=useast8","7494966983315948295","1745058005","2025-04-19T10:20:05.000Z",,,,,,,,,"0","https://www.tiktok.com/@lgbt.vn/video/7461209177671601415","false",,,"false",,"0","https://www.tiktok.com/@lgbt.vn/video/7461209177671601415","🥰","7145420461081330714","ngocbao090609","https://www.tiktok.com/@lgbt.vn/video/7461209177671601415"
"https://p16-common-sign.tiktokcdn-us.com/tos-alisg-avt-0068/9f4c6f9cdce9c7c78dd0843a0f6c8881~tplv-tiktokx-cropcenter:100:100.jpg?dr=9640&refresh_token=b6275603&x-expires=1762311600&x-signature=qIARH%2Fei9VhPC0fkX%2FNggSlMDCg%3D&t=4d5b0474&ps=13740610&shp=30310797&shcp=ff37627b&idc=useast8","7461290007086908168","1737216979","2025-01-18T16:16:19.000Z",,,,,,,,,"293","https://www.tiktok.com/@lgbt.vn/video/7461209177671601415","false",,,"false",,"10","https://www.tiktok.com/@lgbt.vn/video/7461209177671601415","Có nói bnh, thì bọn cổ hủ cũng là nc đổ đầu vịt th. Vì khi đã ghét thì dù bnh = chứng họ cũng ko tin","7247052195387786245","nguynvndchuy2","https://www.tiktok.com/@lgbt.vn/video/7461209177671601415"
"https://p16-common-sign.tiktokcdn-us.com/tos-alisg-avt-0068/331935a7dff00a7fec0516ddaf29e187~tplv-tiktokx-cropcenter:100:100.jpg?dr=9640&refresh_token=bdab6980&x-expires=1762311600&x-signature=THBApkdI3a9Yt503Z0yEQ56eWSs%3D&t=4d5b0474&ps=13740610&shp=30310797&shcp=ff37627b&idc=useast8","7472815689473852181","1739900508","2025-02-18T17:41:48.000Z",,,,,,,,,"5","https://www.tiktok.com/@lgbt.vn/video/7461209177671601415","false",,,"false",,"0","https://www.tiktok.com/@lgbt.vn/video/7461209177671601415","bay ơi bay, mẹ t muốn đem t đi khám nè bay(khúc đầu cx hú hồn, ai dè mẹ bảo xác nhận lại thôi, chứ m con mẹ mẹ ko thương m từ thì thương đứa nào, cứ sống thật vs bản thân đi chợ mẹ)","7421776640265372688","tu_yt1","https://www.tiktok.com/@lgbt.vn/video/7461209177671601415"
"https://p16-common-sign.tiktokcdn-us.com/tos-alisg-avt-0068/2b8ed666c432c50d1d821293b674b142~tplv-tiktokx-cropcenter:100:100.jpg?dr=9640&refresh_token=7da8b9be&x-expires=1762311600&x-signature=5VoRekbrwM7%2FXNiYmP5P3VSlD6g%3D&t=4d5b0474&ps=13740610&shp=30310797&shcp=ff37627b&idc=useast8","7461804663832265473","1737336838","2025-01-20T01:33:58.000Z",,,,,,,,,"0","https://www.tiktok.com/@lgbt.vn/video/7461209177671601415","false",,,"false",,"0","https://www.tiktok.com/@lgbt.vn/video/7461209177671601415","😊😊😊😊😊😊😊😊","7341266537222226946","minhnhat_2k1_","https://www.tiktok.com/@lgbt.vn/video/7461209177671601415"
"https://p19-common-sign.tiktokcdn-us.com/tos-alisg-avt-0068/eaf48c37d8b1a0d446cc48f46b3c51cc~tplv-tiktokx-cropcenter:100:100.jpg?dr=9640&refresh_token=6f9fd2e0&x-expires=1762311600&x-signature=GyZbT7Z%2FyPNc4BVZt6c3WyhPwwY%3D&t=4d5b0474&ps=13740610&shp=30310797&shcp=ff37627b&idc=useast8","7461479472237036295","1737261096","2025-01-19T04:31:36.000Z",,,,,,,,,"5","https://www.tiktok.com/@lgbt.vn/video/7461209177671601415","false",,,"false",,"7","https://www.tiktok.com/@lgbt.vn/video/7461209177671601415","LGBT có ảnh hưởng đến tâm lý tr.e e.m ?","6659747127511924737","van140791","https://www.tiktok.com/@lgbt.vn/video/7461209177671601415"
"https://p16-common-sign.tiktokcdn-us.com/tos-alisg-avt-0068/d5cd0d09933a7e6b75b47c7b05115b1a~tplv-tiktokx-cropcenter:100:100.jpg?dr=9640&refresh_token=22703bfc&x-expires=1762311600&x-signature=sCrBVO5JVP0f2X2VzD54YFJsALw%3D&t=4d5b0474&ps=13740610&shp=30310797&shcp=ff37627b&idc=useast8","7461211679305745160","1737198732","2025-01-18T11:12:12.000Z",,,,,,,,,"86","https://www.tiktok.com/@lgbt.vn/video/7461209177671601415","false",,,"false",,"0","https://www.tiktok.com/@lgbt.vn/video/7461209177671601415","Tôi đồng ý🥰","7368498024949318661","huula.003","https://www.tiktok.com/@lgbt.vn/video/7461209177671601415"
"https://p16-common-sign.tiktokcdn-us.com/tos-alisg-avt-0068/3a6bbeb59ed50507ba1edb4597cbcf54~tplv-tiktokx-cropcenter:100:100.jpg?dr=9640&refresh_token=80d7cfbe&x-expires=1762311600&x-signature=4juhWvgCPbbvCVhf4Zg9Ban%2FJYw%3D&t=4d5b0474&ps=13740610&shp=30310797&shcp=ff37627b&idc=useast8","7461274651180860178","1737213393","2025-01-18T15:16:33.000Z",,,,,,,,,"30","https://www.tiktok.com/@lgbt.vn/video/7461209177671601415","false",,,"false",,"1","https://www.tiktok.com/@lgbt.vn/video/7461209177671601415","Nói bao nhiêu thì với những người ko chịu tiếp thu cũng như nước đổ đầu vịt thôi","7316905773656392705","penguin7172","https://www.tiktok.com/@lgbt.vn/video/7461209177671601415"
"https://p16-common-sign.tiktokcdn-us.com/tos-alisg-avt-0068/2104606ad520ae60bb6a14a75504e701~tplv-tiktokx-cropcenter:100:100.jpg?dr=9640&refresh_token=8b8ec4de&x-expires=1762311600&x-signature=tnKWczcPmYgSdRYCf8h56a6AvAc%3D&t=4d5b0474&ps=13740610&shp=30310797&shcp=ff37627b&idc=useast8","7461466971121795847","1737258182","2025-01-19T03:43:02.000Z",,,,,,,,,"14","https://www.tiktok.com/@lgbt.vn/video/7461209177671601415","false",,,"false",,"0","https://www.tiktok.com/@lgbt.vn/video/7461209177671601415","Trên mạng giấu mặt thì kỳ mới dám kỳ thị thôi, đối diện trực tiếp đố chúng nó dám!","6655514832857530369","hoaipham971","https://www.tiktok.com/@lgbt.vn/video/7461209177671601415"
"https://p16-common-sign.tiktokcdn-us.com/tos-alisg-avt-0068/442a251bc774320e68320871934a4fc5~tplv-tiktokx-cropcenter:100:100.jpg?dr=9640&refresh_token=83f7bcf9&x-expires=1762311600&x-signature=AvZzmSyhXXJU5pvmbQSYplRknW0%3D&t=4d5b0474&ps=13740610&shp=30310797&shcp=ff37627b&idc=useast8","7464072962725053202","1737864942","2025-01-26T04:15:42.000Z",,,,,,,,,"12","https://www.tiktok.com/@lgbt.vn/video/7461209177671601415","false",,,"false",,"3","https://www.tiktok.com/@lgbt.vn/video/7461209177671601415","TÔI ĐỒNG Ý🤎✨✨✨✨","7449774757560402965","dring889","https://www.tiktok.com/@lgbt.vn/video/7461209177671601415"
"https://p19-common-sign.tiktokcdn-us.com/tos-alisg-avt-0068/29a59573d7eb386b9ab3cdfb67e62bfb~tplv-tiktokx-cropcenter:100:100.jpg?dr=9640&refresh_token=c48f0e80&x-expires=1762311600&x-signature=Nz0AOpVQC%2Bw6HPN8wlGioMqCxqY%3D&t=4d5b0474&ps=13740610&shp=30310797&shcp=ff37627b&idc=useast8","7461579269597610770","1737284334","2025-01-19T10:58:54.000Z",,,,,,,,,"3","https://www.tiktok.com/@lgbt.vn/video/7461209177671601415","false",,,"false",,"1","https://www.tiktok.com/@lgbt.vn/video/7461209177671601415","Athony Ng hiện lên và nói","7215889373048292378","quanlamtech","https://www.tiktok.com/@lgbt.vn/video/7461209177671601415"
"https://p16-common-sign.tiktokcdn-us.com/tos-alisg-avt-0068/10a365e1015cd395fa0a2e57c2f8b85c~tplv-tiktokx-cropcenter:100:100.jpg?dr=9640&refresh_token=ab9010d2&x-expires=1762311600&x-signature=POBrJkYrek5Lof%2BWzTpVik%2F0jJk%3D&t=4d5b0474&ps=13740610&shp=30310797&shcp=ff37627b&idc=useast8","7470109231997698832","1739291092","2025-02-11T16:24:52.000Z",,,,,,,,,"1","https://www.tiktok.com/@lgbt.vn/video/7461209177671601415","false",,,"false",,"0","https://www.tiktok.com/@lgbt.vn/video/7461209177671601415","tôi đồng tính với ý kiến này","7156074010718651397","_hn.huzn_","https://www.tiktok.com/@lgbt.vn/video/7461209177671601415"
"https://p19-common-sign.tiktokcdn-us.com/tos-alisg-avt-0068/4bb20a12a1b042748981604852f419b2~tplv-tiktokx-cropcenter:100:100.jpg?dr=9640&refresh_token=4f44622b&x-expires=1762311600&x-signature=cZCNBeg6abffG%2FQ%2F6Yi%2BCPbMcPM%3D&t=4d5b0474&ps=13740610&shp=30310797&shcp=ff37627b&idc=useast8","7461553397137883922","1737278294","2025-01-19T09:18:14.000Z",,,,,,,,,"1","https://www.tiktok.com/@lgbt.vn/video/7461209177671601415","false",,,"false",,"0","https://www.tiktok.com/@lgbt.vn/video/7461209177671601415","nếu nó là bệnh thì t hết bệnh từ cái đời nào r🥰","7051393383373849602","pinkbird_7","https://www.tiktok.com/@lgbt.vn/video/7461209177671601415"
"https://p16-common-sign.tiktokcdn-us.com/tos-alisg-avt-0068/dee78da66050ac4a539a9156724e4e01~tplv-tiktokx-cropcenter:100:100.jpg?dr=9640&refresh_token=a8b3abb9&x-expires=1762311600&x-signature=aq6f6jmgRHdSujFSpm5HF58miiQ%3D&t=4d5b0474&ps=13740610&shp=30310797&shcp=ff37627b&idc=useast8","7461265125309694728","1737211183","2025-01-18T14:39:43.000Z",,,,,,,,,"2","https://www.tiktok.com/@lgbt.vn/video/7461209177671601415","false",,,"false",,"0","https://www.tiktok.com/@lgbt.vn/video/7461209177671601415","tôi yêu LGBT","7387023133315023889","nagi.reo.1","https://www.tiktok.com/@lgbt.vn/video/7461209177671601415"
"https://p16-common-sign.tiktokcdn-us.com/tos-alisg-avt-0068/199b4cddb1ef039c8e77c55b7f5f54bc~tplv-tiktokx-cropcenter:100:100.jpg?dr=9640&refresh_token=89211abf&x-expires=1762311600&x-signature=%2Bne1dP2NWiGS3DUnxYc%2FbzT2Rik%3D&t=4d5b0474&ps=13740610&shp=30310797&shcp=ff37627b&idc=useast8","7461452781778600712","1737254876","2025-01-19T02:47:56.000Z",,,,,,,,,"1","https://www.tiktok.com/@lgbt.vn/video/7461209177671601415","false",,,"false",,"0","https://www.tiktok.com/@lgbt.vn/video/7461209177671601415","thầy cúng hệ y học hả có chữa bệnh nữa🙃🙃🙃🙃🙃🙃🙃","7032222091672585243","trentroicotrieuvisao0","https://www.tiktok.com/@lgbt.vn/video/7461209177671601415"
"https://p16-common-sign.tiktokcdn-us.com/tos-alisg-avt-0068/7d5c1c84497ce3998abcde104fbcb206~tplv-tiktokx-cropcenter:100:100.jpg?dr=9640&refresh_token=e88986cb&x-expires=1762311600&x-signature=Le3PnALuL9XBMx5VUWlKMXqrk74%3D&t=4d5b0474&ps=13740610&shp=30310797&shcp=ff37627b&idc=useast8","7461483089618748167","1737261939","2025-01-19T04:45:39.000Z","phuonwg","https://www.tiktok.com/@6756914645816968194","MS4wLjABAAAA6UbtUhMuLmOjaoSl5rfQD1Dwkoz2xygzQH9_pQIYaXR51XB1Vhy0S5UGwB6SojNW","6756914645816968194",,,,,"1","https://www.tiktok.com/@lgbt.vn/video/7461209177671601415","false","@phuonwg",,"false",,"0","https://www.tiktok.com/@lgbt.vn/video/7461209177671601415","@phuonwg 😭","6559832187250950145","acesses1","https://www.tiktok.com/@lgbt.vn/video/7461209177671601415"
"https://p16-common-sign.tiktokcdn-us.com/tos-alisg-avt-0068/aa26d396324be7ccc98f670413008c7e~tplv-tiktokx-cropcenter:100:100.jpg?dr=9640&refresh_token=4c58aa0b&x-expires=1762311600&x-signature=VPVVnXGIRjpsNSOuSt4NtPiEC1I%3D&t=4d5b0474&ps=13740610&shp=30310797&shcp=ff37627b&idc=useast8","7461222980149445384","1737201366","2025-01-18T11:56:06.000Z",,,,,,,,,"1","https://www.tiktok.com/@lgbt.vn/video/7461209177671601415","false",,,"false",,"0","https://www.tiktok.com/@lgbt.vn/video/7461209177671601415","mong bạn đang vid phản ứng của các sếp ạ😂","7291279206028313605","tiens1205","https://www.tiktok.com/@lgbt.vn/video/7461209177671601415"
"https://p16-common-sign.tiktokcdn-us.com/tos-alisg-avt-0068/c1295c75acad118a54eb9d369639306d~tplv-tiktokx-cropcenter:100:100.jpg?dr=9640&refresh_token=af87245d&x-expires=1762311600&x-signature=wxI26i1%2BLiBYnURWi3XBua8RB10%3D&t=4d5b0474&ps=13740610&shp=30310797&shcp=ff37627b&idc=useast8","7461557331524977428","1737279228","2025-01-19T09:33:48.000Z",,,,,,,,,"0","https://www.tiktok.com/@lgbt.vn/video/7461209177671601415","false",,,"false",,"0","https://www.tiktok.com/@lgbt.vn/video/7461209177671601415","chữa được t chữa trước 🙏🏻🙏🏻","6733437206444114945","huynhthankmakeup","https://www.tiktok.com/@lgbt.vn/video/7461209177671601415"
"https://p19-common-sign.tiktokcdn-us.com/tos-alisg-avt-0068/860f57165b0567fa172554017107fda3~tplv-tiktokx-cropcenter:100:100.jpg?dr=9640&refresh_token=ff4bf50d&x-expires=1762311600&x-signature=0TRJFdc5gUI%2BiNsL9wEXnyrjoJY%3D&t=4d5b0474&ps=13740610&shp=30310797&shcp=ff37627b&idc=useast8","7461549012248969992","1737277274","2025-01-19T09:01:14.000Z",,,,,,,,,"0","https://www.tiktok.com/@lgbt.vn/video/7461209177671601415","false",,,"false",,"0","https://www.tiktok.com/@lgbt.vn/video/7461209177671601415","👍","7365211880590459920","hyeonhuyen_7201","https://www.tiktok.com/@lgbt.vn/video/7461209177671601415"
"https://p19-common-sign.tiktokcdn-us.com/tos-alisg-avt-0068/0135c9256a222aaf689644e0ee1f32a9~tplv-tiktokx-cropcenter:100:100.jpg?dr=9640&refresh_token=c6789896&x-expires=1762311600&x-signature=3F63d3GrOYJwzzQnPFgOYmZ4CyA%3D&t=4d5b0474&ps=13740610&shp=30310797&shcp=ff37627b&idc=useast8","7462343838209327879","1737462336","2025-01-21T12:25:36.000Z",,,,,,,,,"0","https://www.tiktok.com/@lgbt.vn/video/7461209177671601415","false",,,"false",,"0","https://www.tiktok.com/@lgbt.vn/video/7461209177671601415","Tới nước Mỹ mà còn phân biệt đói sử tôi cũng cạn lời","7127176402802164738","hunh.ti269","https://www.tiktok.com/@lgbt.vn/video/7461209177671601415"
"https://p16-common-sign.tiktokcdn-us.com/tos-alisg-avt-0068/7332615667054542850~tplv-tiktokx-cropcenter:100:100.jpg?dr=9640&refresh_token=6b51fdcd&x-expires=1762311600&x-signature=K6cLQNaexhLPZdNg%2BGweKxjigxg%3D&t=4d5b0474&ps=13740610&shp=30310797&shcp=ff37627b&idc=useast8","7461537816607081233","1737274666","2025-01-19T08:17:46.000Z",,,,,,,,,"0","https://www.tiktok.com/@lgbt.vn/video/7461209177671601415","false",,,"false",,"0","https://www.tiktok.com/@lgbt.vn/video/7461209177671601415","ai xin nghỉ học vì trầm cẽm chưa,nếu trong mức độ nhẹ vẫn đi học,đi làm bth,vd các bệnh về tâm lý như donw,rối loạn đông tặng giảm chú ý vẫn đi học,đi làm như bth,nch nó là 1 căn bệnh tâm lý","6925402717646455810","tung_10010","https://www.tiktok.com/@lgbt.vn/video/7461209177671601415"
"https://p16-common-sign.tiktokcdn-us.com/tos-alisg-avt-0068/93946d6512a3245060c0368c551f918f~tplv-tiktokx-cropcenter:100:100.jpg?dr=9640&refresh_token=ec245b1c&x-expires=1762311600&x-signature=INHpkvWvt8kGfsVnqJS33nLWJ%2FE%3D&t=4d5b0474&ps=13740610&shp=30310797&shcp=ff37627b&idc=useast8","7461527439220163335","1737272256","2025-01-19T07:37:36.000Z",,,,,,,,,"0","https://www.tiktok.com/@lgbt.vn/video/7461209177671601415","false",,,"false",,"0","https://www.tiktok.com/@lgbt.vn/video/7461209177671601415","🙏✨✨✨✨✨","7049780419260072962","mikeyminhquanbui","https://www.tiktok.com/@lgbt.vn/video/7461209177671601415"
"https://p16-common-sign.tiktokcdn-us.com/tos-alisg-avt-0068/33a700c2667fb2c5ff71122ef4a19cf0~tplv-tiktokx-cropcenter:100:100.jpg?dr=9640&refresh_token=e0dc681c&x-expires=1762311600&x-signature=5xPwH3HSo57SWuWnY34coOsy3co%3D&t=4d5b0474&ps=13740610&shp=30310797&shcp=ff37627b&idc=useast8","7461252863102436097","1737208325","2025-01-18T13:52:05.000Z",,,,,,,,,"1","https://www.tiktok.com/@lgbt.vn/video/7461209177671601415","false",,,"false",,"0","https://www.tiktok.com/@lgbt.vn/video/7461209177671601415","🥰🥰🥰🥰","7389514879986385926","dongdangquoc","https://www.tiktok.com/@lgbt.vn/video/7461209177671601415"
"https://p16-common-sign.tiktokcdn-us.com/tos-alisg-avt-0068/7328949316272750593~tplv-tiktokx-cropcenter:100:100.jpg?dr=9640&refresh_token=01873077&x-expires=1762311600&x-signature=Zslr3NUsGEMpiq57i55g7SV3MPM%3D&t=4d5b0474&ps=13740610&shp=30310797&shcp=ff37627b&idc=useast8","7461778346789389064","1737330772","2025-01-19T23:52:52.000Z",,,,,,,,,"0","https://www.tiktok.com/@lgbt.vn/video/7461209177671601415","false",,,"false",,"0","https://www.tiktok.com/@lgbt.vn/video/7461209177671601415","vậy mai tôi cũng xin nghỉ 14 ngày","6570601919386501122","usero22o0obec1","https://www.tiktok.com/@lgbt.vn/video/7461209177671601415"
"https://p19-common-sign.tiktokcdn-us.com/tos-alisg-avt-0068/c16ef0da0313b3c15f1671ba32d2f4ba~tplv-tiktokx-cropcenter:100:100.jpg?dr=9640&refresh_token=283672b6&x-expires=1762311600&x-signature=ZGAiB%2BJNKQLWHZZuHpSSMStUFwY%3D&t=4d5b0474&ps=13740610&shp=30310797&shcp=ff37627b&idc=useast5","7461257483610784519","1737209408","2025-01-18T14:10:08.000Z",,,,,,,,,"192","https://www.tiktok.com/@lgbt.vn/video/7461209177671601415","false",,,"false",,"51","https://www.tiktok.com/@lgbt.vn/video/7461209177671601415","nếu lây đc thì hãy ói vào họng đứa nào nói là bệnh 😍😍😍","6943352794582598657","nhan0053t","https://www.tiktok.com/@lgbt.vn/video/7461209177671601415"
"https://p16-common-sign.tiktokcdn-us.com/tos-alisg-avt-0068/166996895db16fc13c27422a6e5e5f71~tplv-tiktokx-cropcenter:100:100.jpg?dr=9640&refresh_token=2de74c78&x-expires=1762311600&x-signature=%2Bm9RdQVxyny8JYjLDXQnpqZ1MeI%3D&t=4d5b0474&ps=13740610&shp=30310797&shcp=ff37627b&idc=useast5","7461378674434048786","1737237678","2025-01-18T22:01:18.000Z",,,,,,,,,"33","https://www.tiktok.com/@lgbt.vn/video/7461209177671601415","false",,,"false",,"14","https://www.tiktok.com/@lgbt.vn/video/7461209177671601415","Nếu mà chữa được tôi cũng cho chữa chứ khổ tâm quá rồi","6916029129281078273","huutoantiktok","https://www.tiktok.com/@lgbt.vn/video/7461209177671601415"
"https://p19-common-sign.tiktokcdn-us.com/tos-alisg-avt-0068/092605e291671816c7c91132f773aa0c~tplv-tiktokx-cropcenter:100:100.jpg?dr=9640&refresh_token=4b163464&x-expires=1762311600&x-signature=5kB3P9R32jbYpop0zMojMqIWoHg%3D&t=4d5b0474&ps=13740610&shp=30310797&shcp=ff37627b&idc=useast5","7461538039509418760","1737274723","2025-01-19T08:18:43.000Z",,,,,,,,,"0","https://www.tiktok.com/@lgbt.vn/video/7461209177671601415","false",,,"false",,"0","https://www.tiktok.com/@lgbt.vn/video/7461209177671601415","đc r cho nghỉ vc luôn 🤣🤣🤣🤣","7327199280706454535","h.ngc.ngn73jju","https://www.tiktok.com/@lgbt.vn/video/7461209177671601415"
"https://p16-common-sign.tiktokcdn-us.com/tos-alisg-avt-0068/47ab8416a0a2d3b3852220497391a099~tplv-tiktokx-cropcenter:100:100.jpg?dr=9640&refresh_token=6e4de5cf&x-expires=1762311600&x-signature=PBSt3q%2BNMoj%2F85EKE%2BYC1d%2F9QAc%3D&t=4d5b0474&ps=13740610&shp=30310797&shcp=ff37627b&idc=useast5","7461531570294489864","1737273215","2025-01-19T07:53:35.000Z",,,,,,,,,"0","https://www.tiktok.com/@lgbt.vn/video/7461209177671601415","false",,,,"7461274651180860178",,"https://www.tiktok.com/@lgbt.vn/video/7461209177671601415","Đúng","6963291011746808833","janetran_2503","https://www.tiktok.com/@lgbt.vn/video/7461209177671601415"
"https://p16-common-sign.tiktokcdn-us.com/tos-alisg-avt-0068/cc2b80f5a179fb3cb1095fb31b5ac4a7~tplv-tiktokx-cropcenter:100:100.jpg?dr=9640&refresh_token=6d88203c&x-expires=1762311600&x-signature=%2B5cEJIDYB7cSXrjpFyIxDA25SLg%3D&t=4d5b0474&ps=13740610&shp=30310797&shcp=ff37627b&idc=useast8","7461508010117366546","1737267729","2025-01-19T06:22:09.000Z",,,,,,,,,"8","https://www.tiktok.com/@lgbt.vn/video/7461209177671601415","false",,,,"7461479472237036295",,"https://www.tiktok.com/@lgbt.vn/video/7461209177671601415","Ko","6909783066479166465","jessicutran","https://www.tiktok.com/@lgbt.vn/video/7461209177671601415"
"https://p16-common-sign.tiktokcdn-us.com/tos-alisg-avt-0068/e714a0bc49d71c1e41c010fca6f76eff~tplv-tiktokx-cropcenter:100:100.jpg?dr=9640&refresh_token=0175324b&x-expires=1762311600&x-signature=IswBQ448D1zLEoB7Ae2AD1SNUGw%3D&t=4d5b0474&ps=13740610&shp=30310797&shcp=ff37627b&idc=useast8","7461521702846104327","1737270916","2025-01-19T07:15:16.000Z",,,,,,,,,"1","https://www.tiktok.com/@lgbt.vn/video/7461209177671601415","false",,,,"7461479472237036295",,"https://www.tiktok.com/@lgbt.vn/video/7461209177671601415","Kh","7218189499170784261","keocon._.thangcon","https://www.tiktok.com/@lgbt.vn/video/7461209177671601415"
"https://p16-common-sign.tiktokcdn-us.com/tos-alisg-avt-0068/b33773bcb874761121b7771f54521f71~tplv-tiktokx-cropcenter:100:100.jpg?dr=9640&refresh_token=d9829188&x-expires=1762311600&x-signature=jIAF5fZ4aU7fkp0zXqXr0ZkvCrc%3D&t=4d5b0474&ps=13740610&shp=30310797&shcp=ff37627b&idc=useast8","7471314885394301714","1739551065","2025-02-14T16:37:45.000Z",,,,,,,,,"1","https://www.tiktok.com/@lgbt.vn/video/7461209177671601415","false",,,,"7461479472237036295",,"https://www.tiktok.com/@lgbt.vn/video/7461209177671601415","trẻ em chứ đâu phải khùng mà mình yêu thích cái j ko biết","6887891202813920257","trinhvu_kimjisoo","https://www.tiktok.com/@lgbt.vn/video/7461209177671601415"
"https://p16-common-sign.tiktokcdn-us.com/tos-alisg-avt-0068/7a7a545f7be7701afbb400f2f3818456~tplv-tiktokx-cropcenter:100:100.jpg?dr=9640&refresh_token=247b9a83&x-expires=1762311600&x-signature=cZF9HhYKQ7F8zgU3VtN%2BxeSZOPU%3D&t=4d5b0474&ps=13740610&shp=30310797&shcp=ff37627b&idc=useast8","7461556875125850896","1737279104","2025-01-19T09:31:44.000Z",,,,,,,,,"0","https://www.tiktok.com/@lgbt.vn/video/7461209177671601415","false",,,,"7461479472237036295",,"https://www.tiktok.com/@lgbt.vn/video/7461209177671601415","5 tuổi thay vì lựa chọn ước mơ mà lại chọn giới tính","7308644682950853637","tr.netcom","https://www.tiktok.com/@lgbt.vn/video/7461209177671601415"
"https://p16-common-sign.tiktokcdn-us.com/tos-alisg-avt-0068/9b8928a9f5735b59e92d79d610b7f8a9~tplv-tiktokx-cropcenter:100:100.jpg?dr=9640&refresh_token=da9fa83c&x-expires=1762311600&x-signature=8Y2w7%2BDYFPOQhSvZew1JIZXFvZI%3D&t=4d5b0474&ps=13740610&shp=30310797&shcp=ff37627b&idc=useast8","7461783065179816725","1737331852","2025-01-20T00:10:52.000Z",,,,,,,,,"0","https://www.tiktok.com/@lgbt.vn/video/7461209177671601415","false",,,,"7461479472237036295",,"https://www.tiktok.com/@lgbt.vn/video/7461209177671601415","Ảnh hưởng là như thế nào ạ? Đã ai làm gì đâu?","7296317009028416513","miss.moc.mass","https://www.tiktok.com/@lgbt.vn/video/7461209177671601415"
"https://p16-common-sign.tiktokcdn-us.com/tos-alisg-avt-0068/e8a973308103156df980acfa94583b1c~tplv-tiktokx-cropcenter:100:100.jpg?dr=9640&refresh_token=d81f63fd&x-expires=1762311600&x-signature=cPKQIwRVAPJ6sH4WtwYXP8u2Uio%3D&t=4d5b0474&ps=13740610&shp=30310797&shcp=ff37627b&idc=useast8","7462208977164043029","1737430957","2025-01-21T03:42:37.000Z",,,,,,,,,"0","https://www.tiktok.com/@lgbt.vn/video/7461209177671601415","false",,,,"7461479472237036295",,"https://www.tiktok.com/@lgbt.vn/video/7461209177671601415","đó là tại cách người dạy, bố mẹ không ai dạy nó á","7077445870551401473","youllseeme_radiohead1997","https://www.tiktok.com/@lgbt.vn/video/7461209177671601415"
"https://p16-common-sign.tiktokcdn-us.com/tos-alisg-avt-0068/c1dbc976d7828f961656ccdc7bb211bd~tplv-tiktokx-cropcenter:100:100.jpg?dr=9640&refresh_token=2be8b979&x-expires=1762311600&x-signature=rgT9Fz4yjXWtGCKf9%2BQSDEmtMOQ%3D&t=4d5b0474&ps=13740610&shp=30310797&shcp=ff37627b&idc=useast8","7470100481895138055","1739268332","2025-02-11T10:05:32.000Z",,,,,,,,,"0","https://www.tiktok.com/@lgbt.vn/video/7461209177671601415","false",,,,"7461479472237036295",,"https://www.tiktok.com/@lgbt.vn/video/7461209177671601415","Ko nó là xu hướng tính dục","7248277442010366981","yeusachmoitheloai","https://www.tiktok.com/@lgbt.vn/video/7461209177671601415"
"https://p16-common-sign.tiktokcdn-us.com/tos-alisg-avt-0068/b252c8cd2a4649405b43eaa5bac43bcd~tplv-tiktokx-cropcenter:100:100.jpg?dr=9640&refresh_token=f781be21&x-expires=1762311600&x-signature=WPSzvDL%2BqeE07p7v42I0mbzpIDA%3D&t=4d5b0474&ps=13740610&shp=30310797&shcp=ff37627b&idc=useast5","7461644370913215250","1737299482","2025-01-19T15:11:22.000Z",,,,,,,,,"0","https://www.tiktok.com/@lgbt.vn/video/7461209177671601415","false",,,,"7461290007086908168",,"https://www.tiktok.com/@lgbt.vn/video/7461209177671601415","thẳng cũng là bệnh à 😭😭","7377226746175407110","trx.me.may.bel","https://www.tiktok.com/@lgbt.vn/video/7461209177671601415"
"https://p19-common-sign.tiktokcdn-us.com/tos-alisg-avt-0068/afbc868aea5e096c233e44811a2f0a3a~tplv-tiktokx-cropcenter:100:100.jpg?dr=9640&refresh_token=fce06af3&x-expires=1762311600&x-signature=VThb4uxfJVysce3wfYPyr%2F2YF4A%3D&t=4d5b0474&ps=13740610&shp=30310797&shcp=ff37627b&idc=useast5","7507662119606518535","1748013812","2025-05-23T15:23:32.000Z",,,,,,,,,"0","https://www.tiktok.com/@lgbt.vn/video/7461209177671601415","false",,,,"7461290007086908168",,"https://www.tiktok.com/@lgbt.vn/video/7461209177671601415","gì z bà????","7158364855057302555","metamorphose0111","https://www.tiktok.com/@lgbt.vn/video/7461209177671601415"
"https://p16-common-sign.tiktokcdn-us.com/tos-alisg-avt-0068/b252c8cd2a4649405b43eaa5bac43bcd~tplv-tiktokx-cropcenter:100:100.jpg?dr=9640&refresh_token=f781be21&x-expires=1762311600&x-signature=WPSzvDL%2BqeE07p7v42I0mbzpIDA%3D&t=4d5b0474&ps=13740610&shp=30310797&shcp=ff37627b&idc=useast5","7507662440306901767","1748013883","2025-05-23T15:24:43.000Z",,,,,,,,,"1","https://www.tiktok.com/@lgbt.vn/video/7461209177671601415","false",,,,"7461290007086908168",,"https://www.tiktok.com/@lgbt.vn/video/7461209177671601415","hơn 4 tháng r để nó yên","7377226746175407110","trx.me.may.bel","https://www.tiktok.com/@lgbt.vn/video/7461209177671601415"
"https://p19-common-sign.tiktokcdn-us.com/tos-alisg-avt-0068/afbc868aea5e096c233e44811a2f0a3a~tplv-tiktokx-cropcenter:100:100.jpg?dr=9640&refresh_token=fce06af3&x-expires=1762311600&x-signature=VThb4uxfJVysce3wfYPyr%2F2YF4A%3D&t=4d5b0474&ps=13740610&shp=30310797&shcp=ff37627b&idc=useast5","7507662826195010322","1748013973","2025-05-23T15:26:13.000Z",,,,,,,,,"1","https://www.tiktok.com/@lgbt.vn/video/7461209177671601415","false",,,,"7461290007086908168",,"https://www.tiktok.com/@lgbt.vn/video/7461209177671601415","BL shock quá nên thắc mắc","7158364855057302555","metamorphose0111","https://www.tiktok.com/@lgbt.vn/video/7461209177671601415"
"https://p16-common-sign.tiktokcdn-us.com/tos-alisg-avt-0068/b252c8cd2a4649405b43eaa5bac43bcd~tplv-tiktokx-cropcenter:100:100.jpg?dr=9640&refresh_token=f781be21&x-expires=1762311600&x-signature=WPSzvDL%2BqeE07p7v42I0mbzpIDA%3D&t=4d5b0474&ps=13740610&shp=30310797&shcp=ff37627b&idc=useast5","7507662935994794760","1748014003","2025-05-23T15:26:43.000Z",,,,,,,,,"1","https://www.tiktok.com/@lgbt.vn/video/7461209177671601415","false",,,,"7461290007086908168",,"https://www.tiktok.com/@lgbt.vn/video/7461209177671601415","thg đó xóa comment r nên đọc cũng kh hiểu đâu","7377226746175407110","trx.me.may.bel","https://www.tiktok.com/@lgbt.vn/video/7461209177671601415"
"https://p16-common-sign.tiktokcdn-us.com/tos-maliva-avt-0068/7233321846039379973~tplv-tiktokx-cropcenter:100:100.jpg?dr=9640&refresh_token=c707709f&x-expires=1762311600&x-signature=YPxX0tvc3dynxYrzUiQy4UP3RBg%3D&t=4d5b0474&ps=13740610&shp=30310797&shcp=ff37627b&idc=useast5","7461299479250109205","1737219175","2025-01-18T16:52:55.000Z",,,,,,,,,"37","https://www.tiktok.com/@lgbt.vn/video/7461209177671601415","false",,,,"7461290007086908168",,"https://www.tiktok.com/@lgbt.vn/video/7461209177671601415","Cũng ko trách đc vi bản thân họ đã sống trong một thời kì ko chấp nhật lgbt nên nó đã ăn sâu vào tiềm thức của họ nên việc họ ko chấp nhận sụe thật là điều đương nhiên","7233321709384778757","duck2810","https://www.tiktok.com/@lgbt.vn/video/7461209177671601415"
"https://p19-common-sign.tiktokcdn-us.com/tos-alisg-avt-0068/527f29b1f0610441937e42f21af1973b~tplv-tiktokx-cropcenter:100:100.jpg?dr=9640&refresh_token=dc4d9bf8&x-expires=1762311600&x-signature=eHGWtEjTt4%2FZgoOlelk19PJ7EFw%3D&t=4d5b0474&ps=13740610&shp=30310797&shcp=ff37627b&idc=useast5","7461935937938440978","1737367373","2025-01-20T10:02:53.000Z",,,,,,,,,"4","https://www.tiktok.com/@lgbt.vn/video/7461209177671601415","false",,,,"7461290007086908168",,"https://www.tiktok.com/@lgbt.vn/video/7461209177671601415","như trọng nam khinh nữ, tương lai rồi sẽ ổn. thế hệ sì trây chết đi, thế hệ sau dù sì trây cũng nhỏ lại, cứ thế nhỏ dần, miệng đời ko thể dập được nhưng có thể phớt lờ nó.","6938748402834768897","phamdinhkhai","https://www.tiktok.com/@lgbt.vn/video/7461209177671601415"
"https://p16-common-sign.tiktokcdn-us.com/tos-alisg-avt-0068/ce1bffeb4121273b4f242b236e798669~tplv-tiktokx-cropcenter:100:100.jpg?dr=9640&refresh_token=052aa17e&x-expires=1762311600&x-signature=kkVDr62KSp%2FNHPvrXNobf4%2FT3Y0%3D&t=4d5b0474&ps=13740610&shp=30310797&shcp=ff37627b&idc=useast5","7461501250267546388","1737266168","2025-01-19T05:56:08.000Z",,,,,,,,,"4","https://www.tiktok.com/@lgbt.vn/video/7461209177671601415","false",,,,"7461290007086908168",,"https://www.tiktok.com/@lgbt.vn/video/7461209177671601415","xì là tư tưởng của người đời trước bạn ạ","6991125523125535770","doclanguoidung","https://www.tiktok.com/@lgbt.vn/video/7461209177671601415"
"https://p16-common-sign.tiktokcdn-us.com/tos-alisg-avt-0068/b252c8cd2a4649405b43eaa5bac43bcd~tplv-tiktokx-cropcenter:100:100.jpg?dr=9640&refresh_token=f781be21&x-expires=1762311600&x-signature=WPSzvDL%2BqeE07p7v42I0mbzpIDA%3D&t=4d5b0474&ps=13740610&shp=30310797&shcp=ff37627b&idc=useast5","7461671235644130066","1737305740","2025-01-19T16:55:40.000Z",,,,,,,,,"0","https://www.tiktok.com/@lgbt.vn/video/7461209177671601415","false",,,,"7461290007086908168",,"https://www.tiktok.com/@lgbt.vn/video/7461209177671601415","blub đi nghe tik tard thay vì nghe gg 😭😭","7377226746175407110","trx.me.may.bel","https://www.tiktok.com/@lgbt.vn/video/7461209177671601415"
"https://p16-common-sign.tiktokcdn-us.com/tos-alisg-avt-0068/e17e245e87d80e12b6655e491c737d90~tplv-tiktokx-cropcenter:100:100.jpg?dr=9640&refresh_token=a45625ec&x-expires=1762311600&x-signature=AqCkC49kc%2FtbCmRBj%2FzNRKyLQkg%3D&t=4d5b0474&ps=13740610&shp=30310797&shcp=ff37627b&idc=useast5","7464829033190048530","1738040980","2025-01-28T05:09:40.000Z",,,,,,,,,"1","https://www.tiktok.com/@lgbt.vn/video/7461209177671601415","false",,,,"7461290007086908168",,"https://www.tiktok.com/@lgbt.vn/video/7461209177671601415","ng anh em ko lên gg tìm hiểu kêu kt tt là sao thế?","7070872924388115457","gaytwinklovernfetishist","https://www.tiktok.com/@lgbt.vn/video/7461209177671601415"
"https://p16-common-sign.tiktokcdn-us.com/tos-alisg-avt-0068/3d22d2eb2895bca758c5aef0d075cda0~tplv-tiktokx-cropcenter:100:100.jpg?dr=9640&refresh_token=a70cc1d3&x-expires=1762311600&x-signature=Bg8%2BfmCewpweP0KaDCoi8n5QG3s%3D&t=4d5b0474&ps=13740610&shp=30310797&shcp=ff37627b&idc=useast5","7472688936378549010","1739870996","2025-02-18T09:29:56.000Z",,,,,,,,,"0","https://www.tiktok.com/@lgbt.vn/video/7461209177671601415","false",,,,"7472663403807769362",,"https://www.tiktok.com/@lgbt.vn/video/7461209177671601415","✨","7004797294332429314","nht_128","https://www.tiktok.com/@lgbt.vn/video/7461209177671601415"
"https://p16-sign-sg.tiktokcdn.com/tos-alisg-avt-0068/6bacecfeaf92b54e977b0628287b8ff1~tplv-tiktokx-cropcenter:100:100.jpg?dr=14579&refresh_token=324e30e1&x-expires=1762311600&x-signature=AvPFGJzU8dkWyVTCKST2T5QFt10%3D&t=4d5b0474&ps=13740610&shp=30310797&shcp=ff37627b&idc=my2","7461859983933031176","1737349685","2025-01-20T05:08:05.000Z",,,,,,,,,"8","https://www.tiktok.com/@lgbt.vn/video/7461209177671601415","false",,,,"7461579269597610770",,"https://www.tiktok.com/@lgbt.vn/video/7461209177671601415","Tôi đaz trốn nghĩa vụ quân sự VN. Anh ấy hiện lên và nói như vậy😂","7435276011316872199","c.tr589","https://www.tiktok.com/@lgbt.vn/video/7461209177671601415"
"https://p19-common-sign.tiktokcdn-us.com/tos-alisg-avt-0068/f747eef93e1cccb1df5003a0a81727dc~tplv-tiktokx-cropcenter:100:100.jpg?dr=9640&refresh_token=87dd4b31&x-expires=1762311600&x-signature=cFj2nYxesdTsEhmX%2BCMLE%2B%2FUPGM%3D&t=4d5b0474&ps=13740610&shp=30310797&shcp=ff37627b&idc=useast8","7461474560795460369","1737259946","2025-01-19T04:12:26.000Z",,,,,,,,,"49","https://www.tiktok.com/@lgbt.vn/video/7461209177671601415","false",,,,"7461257483610784519",,"https://www.tiktok.com/@lgbt.vn/video/7461209177671601415","lớn rồi nói chuyện phải có bằng chứng đừng có phán đại, bây h mạng xã hội nó phổ biến nên mới thấy nhìu thôi. chứ thời xưa có mấy chục gánh lô tô bao nhiêu người đó có ảnh hưởng j đâu. lớn ko có khôn","7088953480115930114","hcmus0108","https://www.tiktok.com/@lgbt.vn/video/7461209177671601415"
"https://p16-common-sign.tiktokcdn-us.com/tos-alisg-avt-0068/c16ef0da0313b3c15f1671ba32d2f4ba~tplv-tiktokx-cropcenter:100:100.jpg?dr=9640&refresh_token=c02eaadd&x-expires=1762311600&x-signature=Y8HOtkl2EcDfeJaPKtUISZaXnQM%3D&t=4d5b0474&ps=13740610&shp=30310797&shcp=ff37627b&idc=useast8","7461482785037288200","1737261874","2025-01-19T04:44:34.000Z",,,,,,,,,"16","https://www.tiktok.com/@lgbt.vn/video/7461209177671601415","false",,,,"7461257483610784519",,"https://www.tiktok.com/@lgbt.vn/video/7461209177671601415","lệch cái gì lạc cái gì ko xem ai ra gì","6943352794582598657","nhan0053t","https://www.tiktok.com/@lgbt.vn/video/7461209177671601415"
"https://p19-common-sign.tiktokcdn-us.com/tos-alisg-avt-0068/f747eef93e1cccb1df5003a0a81727dc~tplv-tiktokx-cropcenter:100:100.jpg?dr=9640&refresh_token=87dd4b31&x-expires=1762311600&x-signature=cFj2nYxesdTsEhmX%2BCMLE%2B%2FUPGM%3D&t=4d5b0474&ps=13740610&shp=30310797&shcp=ff37627b&idc=useast8","7461486428845982480","1737262704","2025-01-19T04:58:24.000Z",,,,,,,,,"13","https://www.tiktok.com/@lgbt.vn/video/7461209177671601415","false",,,,"7461257483610784519",,"https://www.tiktok.com/@lgbt.vn/video/7461209177671601415","Điều 155.
Người nào xúc phạm nghiêm trọng nhân phẩm, danh dự, giới tính người khác, thì bị phạt cảnh cáo, phạt tiền từ 10.000.000 đồng đến 30.000.000 đồng hoặc phạt cải tạo không giam giữ đến 03 năm.","7088953480115930114","hcmus0108","https://www.tiktok.com/@lgbt.vn/video/7461209177671601415"
"https://p16-common-sign.tiktokcdn-us.com/tos-alisg-avt-0068/b4757a37a113d6d73142445cec4bb064~tplv-tiktokx-cropcenter:100:100.jpg?dr=9640&refresh_token=cc5b69ce&x-expires=1762311600&x-signature=6%2F3fAuqYbcAIi3AToCjPd0qVkZo%3D&t=4d5b0474&ps=13740610&shp=30310797&shcp=ff37627b&idc=useast8","7461451827000673031","1737254666","2025-01-19T02:44:26.000Z",,,,,,,,,"11","https://www.tiktok.com/@lgbt.vn/video/7461209177671601415","false",,,,"7461257483610784519",,"https://www.tiktok.com/@lgbt.vn/video/7461209177671601415","hả mỏ ra","7329040218522289153","asly_aslycaa149","https://www.tiktok.com/@lgbt.vn/video/7461209177671601415"
"https://p16-common-sign.tiktokcdn-us.com/tos-alisg-avt-0068/c16ef0da0313b3c15f1671ba32d2f4ba~tplv-tiktokx-cropcenter:100:100.jpg?dr=9640&refresh_token=c02eaadd&x-expires=1762311600&x-signature=Y8HOtkl2EcDfeJaPKtUISZaXnQM%3D&t=4d5b0474&ps=13740610&shp=30310797&shcp=ff37627b&idc=useast8","7461484413111026440","1737262251","2025-01-19T04:50:51.000Z",,,,,,,,,"6","https://www.tiktok.com/@lgbt.vn/video/7461209177671601415","false",,,,"7461257483610784519",,"https://www.tiktok.com/@lgbt.vn/video/7461209177671601415","lo báo công an đi lo báo WHO lo nhắn cả thế giới đi","6943352794582598657","nhan0053t","https://www.tiktok.com/@lgbt.vn/video/7461209177671601415"
"https://p16-common-sign.tiktokcdn-us.com/tos-alisg-avt-0068/c16ef0da0313b3c15f1671ba32d2f4ba~tplv-tiktokx-cropcenter:100:100.jpg?dr=9640&refresh_token=c02eaadd&x-expires=1762311600&x-signature=Y8HOtkl2EcDfeJaPKtUISZaXnQM%3D&t=4d5b0474&ps=13740610&shp=30310797&shcp=ff37627b&idc=useast8","7461485090846655250","1737262400","2025-01-19T04:53:20.000Z",,,,,,,,,"3","https://www.tiktok.com/@lgbt.vn/video/7461209177671601415","false",,,,"7461257483610784519",,"https://www.tiktok.com/@lgbt.vn/video/7461209177671601415","đã có luật nếu kì thị nói xấu nói ko đúng về người khác phạt từ 1 triệu trở lên nếu ko đồng ý bồi thường thì vô tò hoặc cải tạo","6943352794582598657","nhan0053t","https://www.tiktok.com/@lgbt.vn/video/7461209177671601415"
"https://p16-common-sign.tiktokcdn-us.com/tos-alisg-avt-0068/ce1bffeb4121273b4f242b236e798669~tplv-tiktokx-cropcenter:100:100.jpg?dr=9640&refresh_token=052aa17e&x-expires=1762311600&x-signature=kkVDr62KSp%2FNHPvrXNobf4%2FT3Y0%3D&t=4d5b0474&ps=13740610&shp=30310797&shcp=ff37627b&idc=useast8","7461493463571694357","1737264352","2025-01-19T05:25:52.000Z",,,,,,,,,"3","https://www.tiktok.com/@lgbt.vn/video/7461209177671601415","false",,,,"7461257483610784519",,"https://www.tiktok.com/@lgbt.vn/video/7461209177671601415","thế gay lây qua đường nào vậy bạn có bác sĩ nào uy tín để đứng ra khẳng định không nếu là căn bệnh thì tại sao tới giờ vẫn không tổ chức y tế nào đứng ra đầu tư vào vắc-xin chữa bệnh","6991125523125535770","doclanguoidung","https://www.tiktok.com/@lgbt.vn/video/7461209177671601415"
"https://p16-common-sign.tiktokcdn-us.com/tos-alisg-avt-0068/ce1bffeb4121273b4f242b236e798669~tplv-tiktokx-cropcenter:100:100.jpg?dr=9640&refresh_token=052aa17e&x-expires=1762311600&x-signature=kkVDr62KSp%2FNHPvrXNobf4%2FT3Y0%3D&t=4d5b0474&ps=13740610&shp=30310797&shcp=ff37627b&idc=useast8","7461492302193459988","1737264080","2025-01-19T05:21:20.000Z",,,,,,,,,"3","https://www.tiktok.com/@lgbt.vn/video/7461209177671601415","false",,,,"7461257483610784519",,"https://www.tiktok.com/@lgbt.vn/video/7461209177671601415","hài vậy bạn muốn có kháng thể thì phải bị nhiễm virus trước chứ như bệnh thủy đậu bị 1 lần duy nhất trong đời không có lần 2 chứ đâu ra vụ kháng thể mạnh yếu","6991125523125535770","doclanguoidung","https://www.tiktok.com/@lgbt.vn/video/7461209177671601415"
"https://p16-common-sign.tiktokcdn-us.com/tos-alisg-avt-0068/c1dbc976d7828f961656ccdc7bb211bd~tplv-tiktokx-cropcenter:100:100.jpg?dr=9640&refresh_token=2be8b979&x-expires=1762311600&x-signature=rgT9Fz4yjXWtGCKf9%2BQSDEmtMOQ%3D&t=4d5b0474&ps=13740610&shp=30310797&shcp=ff37627b&idc=useast8","7470099879508001554","1739268180","2025-02-11T10:03:00.000Z",,,,,,,,,"2","https://www.tiktok.com/@lgbt.vn/video/7461209177671601415","false",,,,"7461257483610784519",,"https://www.tiktok.com/@lgbt.vn/video/7461209177671601415","Tư tưởng lây sao m nói t nghe với bác sĩ tik tok 🤡","7248277442010366981","yeusachmoitheloai","https://www.tiktok.com/@lgbt.vn/video/7461209177671601415"
"https://p16-common-sign.tiktokcdn-us.com/tos-alisg-avt-0068/a64441eeb5ebd4c8806e28b070bff34e~tplv-tiktokx-cropcenter:100:100.jpg?dr=9640&refresh_token=20284f27&x-expires=1762311600&x-signature=28YxRTKq7qhXT2TTtM%2BrkDyrVdo%3D&t=4d5b0474&ps=13740610&shp=30310797&shcp=ff37627b&idc=useast8","7461835960478139156","1737344100","2025-01-20T03:35:00.000Z",,,,,,,,,"2","https://www.tiktok.com/@lgbt.vn/video/7461209177671601415","false",,,,"7461257483610784519",,"https://www.tiktok.com/@lgbt.vn/video/7461209177671601415","t đậu rồi nè m ăn nói như thể là chị athony ng beta là gì!? ng là ng muốn làm alpha theo cái kiểu phân chia của m ý đúng ra là phải tôn trọng mọi người chứ ko phải cái kiểu như m th chị em athony","7376280193222411281","_zu.oicuoilendi_","https://www.tiktok.com/@lgbt.vn/video/7461209177671601415"
"https://p16-common-sign.tiktokcdn-us.com/tos-alisg-avt-0068/ce1bffeb4121273b4f242b236e798669~tplv-tiktokx-cropcenter:100:100.jpg?dr=9640&refresh_token=052aa17e&x-expires=1762311600&x-signature=kkVDr62KSp%2FNHPvrXNobf4%2FT3Y0%3D&t=4d5b0474&ps=13740610&shp=30310797&shcp=ff37627b&idc=useast8","7461498175481004820","1737265442","2025-01-19T05:44:02.000Z",,,,,,,,,"2","https://www.tiktok.com/@lgbt.vn/video/7461209177671601415","false",,,,"7461257483610784519",,"https://www.tiktok.com/@lgbt.vn/video/7461209177671601415","trước dấu ""?"" là câu hỏi sau nó cũng là 1 câu hỏi mình đâu khẳng định bạn là 1 người như vậy","6991125523125535770","doclanguoidung","https://www.tiktok.com/@lgbt.vn/video/7461209177671601415"
"https://p16-common-sign.tiktokcdn-us.com/tos-alisg-avt-0068/ce1bffeb4121273b4f242b236e798669~tplv-tiktokx-cropcenter:100:100.jpg?dr=9640&refresh_token=052aa17e&x-expires=1762311600&x-signature=kkVDr62KSp%2FNHPvrXNobf4%2FT3Y0%3D&t=4d5b0474&ps=13740610&shp=30310797&shcp=ff37627b&idc=useast8","7461495835370865428","1737264913","2025-01-19T05:35:13.000Z",,,,,,,,,"2","https://www.tiktok.com/@lgbt.vn/video/7461209177671601415","false",,,,"7461257483610784519",,"https://www.tiktok.com/@lgbt.vn/video/7461209177671601415","thế nào là giảm đạo đức xã hội vậy
Đạo đức xã hội là hệ thống các chuẩn mực giá trị, các nguyên tắc điều chỉnh nhận thức, thái độ, hành vi của con người dựa trên cơ sở cùng chung lợi ích của các thành viên trong xã hội
bất cứ ai miễn là con người thì vẫn vi phạm cái này bạn nhé","6991125523125535770","doclanguoidung","https://www.tiktok.com/@lgbt.vn/video/7461209177671601415"
"https://p16-common-sign.tiktokcdn-us.com/tos-alisg-avt-0068/ce1bffeb4121273b4f242b236e798669~tplv-tiktokx-cropcenter:100:100.jpg?dr=9640&refresh_token=052aa17e&x-expires=1762311600&x-signature=kkVDr62KSp%2FNHPvrXNobf4%2FT3Y0%3D&t=4d5b0474&ps=13740610&shp=30310797&shcp=ff37627b&idc=useast8","7461492737969373973","1737264187","2025-01-19T05:23:07.000Z",,,,,,,,,"2","https://www.tiktok.com/@lgbt.vn/video/7461209177671601415","false",,,,"7461257483610784519",,"https://www.tiktok.com/@lgbt.vn/video/7461209177671601415","nếu mà kháng thể mạnh chẳng bao giờ đẻ ra mấy cái vắc-xin làm gì tốn tiền chích vào thì cũng chẳng tốt lành vì nó làm suy yếu kháng thể để phát triển kháng thể cho lần sau gặp lại bệnh","6991125523125535770","doclanguoidung","https://www.tiktok.com/@lgbt.vn/video/7461209177671601415"
"https://p16-common-sign.tiktokcdn-us.com/tos-alisg-avt-0068/ce1bffeb4121273b4f242b236e798669~tplv-tiktokx-cropcenter:100:100.jpg?dr=9640&refresh_token=052aa17e&x-expires=1762311600&x-signature=kkVDr62KSp%2FNHPvrXNobf4%2FT3Y0%3D&t=4d5b0474&ps=13740610&shp=30310797&shcp=ff37627b&idc=useast8","7461491576080417543","1737263920","2025-01-19T05:18:40.000Z",,,,,,,,,"2","https://www.tiktok.com/@lgbt.vn/video/7461209177671601415","false",,,,"7461257483610784519",,"https://www.tiktok.com/@lgbt.vn/video/7461209177671601415","nếu lây được thì người nhà bạn với bản thân bạn cũng bị","6991125523125535770","doclanguoidung","https://www.tiktok.com/@lgbt.vn/video/7461209177671601415"
"https://p16-common-sign.tiktokcdn-us.com/tos-alisg-avt-0068/c16ef0da0313b3c15f1671ba32d2f4ba~tplv-tiktokx-cropcenter:100:100.jpg?dr=9640&refresh_token=c02eaadd&x-expires=1762311600&x-signature=Y8HOtkl2EcDfeJaPKtUISZaXnQM%3D&t=4d5b0474&ps=13740610&shp=30310797&shcp=ff37627b&idc=useast8","7461486475508040455","1737262723","2025-01-19T04:58:43.000Z",,,,,,,,,"1","https://www.tiktok.com/@lgbt.vn/video/7461209177671601415","false",,,,"7461257483610784519",,"https://www.tiktok.com/@lgbt.vn/video/7461209177671601415","vậy hả người tên lạ","6943352794582598657","nhan0053t","https://www.tiktok.com/@lgbt.vn/video/7461209177671601415"
"https://p16-common-sign.tiktokcdn-us.com/tos-alisg-avt-0068/2b2cfb2df64761e6fb954910a5af59ea~tplv-tiktokx-cropcenter:100:100.jpg?dr=9640&refresh_token=a1d7710a&x-expires=1762311600&x-signature=3HGDhLWdVi7ooHJS6EpVspeBJyQ%3D&t=4d5b0474&ps=13740610&shp=30310797&shcp=ff37627b&idc=useast8","7464032865308836626","1737855626","2025-01-26T01:40:26.000Z",,,,,,,,,"1","https://www.tiktok.com/@lgbt.vn/video/7461209177671601415","false",,,,"7461257483610784519",,"https://www.tiktok.com/@lgbt.vn/video/7461209177671601415","chứ chẳng lẽ trc khi chúng ta tìm được 1 thứ gì đó thì nó ko tồn tại à😍","7246750566288753670","conmazuive","https://www.tiktok.com/@lgbt.vn/video/7461209177671601415"
"https://p16-common-sign.tiktokcdn-us.com/tos-alisg-avt-0068/c16ef0da0313b3c15f1671ba32d2f4ba~tplv-tiktokx-cropcenter:100:100.jpg?dr=9640&refresh_token=c02eaadd&x-expires=1762311600&x-signature=Y8HOtkl2EcDfeJaPKtUISZaXnQM%3D&t=4d5b0474&ps=13740610&shp=30310797&shcp=ff37627b&idc=useast8","7461484055987766023","1737262167","2025-01-19T04:49:27.000Z",,,,,,,,,"1","https://www.tiktok.com/@lgbt.vn/video/7461209177671601415","false",,,,"7461257483610784519",,"https://www.tiktok.com/@lgbt.vn/video/7461209177671601415","nếu là tuyên truyền lệch lạc thì ai cho mở","6943352794582598657","nhan0053t","https://www.tiktok.com/@lgbt.vn/video/7461209177671601415"
"https://p16-common-sign.tiktokcdn-us.com/tos-alisg-avt-0068/c16ef0da0313b3c15f1671ba32d2f4ba~tplv-tiktokx-cropcenter:100:100.jpg?dr=9640&refresh_token=c02eaadd&x-expires=1762311600&x-signature=Y8HOtkl2EcDfeJaPKtUISZaXnQM%3D&t=4d5b0474&ps=13740610&shp=30310797&shcp=ff37627b&idc=useast8","7461795061686190855","1737334620","2025-01-20T00:57:00.000Z",,,,,,,,,"1","https://www.tiktok.com/@lgbt.vn/video/7461209177671601415","false",,,,"7461257483610784519",,"https://www.tiktok.com/@lgbt.vn/video/7461209177671601415","ê bị gì vậy lúc thì nói bệnh lây qua tư tưởng lúc thì nói do m có kháng thể liên quan","6943352794582598657","nhan0053t","https://www.tiktok.com/@lgbt.vn/video/7461209177671601415"
"https://p16-common-sign.tiktokcdn-us.com/tos-alisg-avt-0068/671332275862f3eb6d07f51602ec394e~tplv-tiktokx-cropcenter:100:100.jpg?dr=9640&refresh_token=de3bb013&x-expires=1762311600&x-signature=Nl5qAjzUdiwoYNzzl%2FqxxnnZngU%3D&t=4d5b0474&ps=13740610&shp=30310797&shcp=ff37627b&idc=useast8","7461665071128675090","1737304300","2025-01-19T16:31:40.000Z",,,,,,,,,"1","https://www.tiktok.com/@lgbt.vn/video/7461209177671601415","false",,,,"7461257483610784519",,"https://www.tiktok.com/@lgbt.vn/video/7461209177671601415","Đã gọi là cộng đòng thì phải có nhóm người này nhóm người kia chứ ạ. Về chuyện anh thấy nhiều người đồng tính hơn không có nghĩa là chúng lây, vì xã hội hiện nay thoáng hơn nên họ mới được cởi mở không cần phần gồng mình lên nữa nên anh mới thấy nhiều đó ạ","7015372798508205083","huufhuc","https://www.tiktok.com/@lgbt.vn/video/7461209177671601415"
"https://p16-common-sign.tiktokcdn-us.com/tos-alisg-avt-0068/e1df4910d4e60f12786565fc0c3f64e7~tplv-tiktokx-cropcenter:100:100.jpg?dr=9640&refresh_token=3957db9c&x-expires=1762311600&x-signature=BD8T7zzuV4AYIuygRee%2FBKIAcgg%3D&t=4d5b0474&ps=13740610&shp=30310797&shcp=ff37627b&idc=useast8","7461622861498827540","1737294474","2025-01-19T13:47:54.000Z",,,,,,,,,"1","https://www.tiktok.com/@lgbt.vn/video/7461209177671601415","false",,,,"7461257483610784519",,"https://www.tiktok.com/@lgbt.vn/video/7461209177671601415","ah bảo đây là bệnh lây đc thì s ko báo lên cục y tế để cục vào cục dẹp loạn đi ạ chứ em cũng sợ lắm😢😢😢...sợ mấy ng đem bằng đh mà như trẻ con nói chuyện như anh á","7391124620513084423","yan26780","https://www.tiktok.com/@lgbt.vn/video/7461209177671601415"
"https://p16-sign-sg.tiktokcdn.com/tos-alisg-avt-0068/44b383fdda10463b182137fb332df415~tplv-tiktokx-cropcenter:100:100.jpg?dr=10399&refresh_token=5f02accc&x-expires=1762311600&x-signature=I7%2BptsCa4feICLYs83RzSngqsXc%3D&t=4d5b0474&ps=13740610&shp=30310797&shcp=ff37627b&idc=no1a","7461583424525009681","1737285286","2025-01-19T11:14:46.000Z",,,,,,,,,"10","https://www.tiktok.com/@lgbt.vn/video/7461209177671601415","false",,,,"7461378674434048786",,"https://www.tiktok.com/@lgbt.vn/video/7461209177671601415","Đã thích đàn ông mà kêu ngta kiếm pn đúng gu, khuyên như khuyên 😂","7328773487002387457","baka1326","https://www.tiktok.com/@lgbt.vn/video/7461209177671601415"
"https://p16-sign-sg.tiktokcdn.com/tos-alisg-avt-0068/ec729f55b99ee94125200c86336546a7~tplv-tiktokx-cropcenter:100:100.jpg?dr=10399&refresh_token=dd8a585f&x-expires=1762311600&x-signature=Tg0TUT0HVjdS0rrs2pQcagJWdS8%3D&t=4d5b0474&ps=13740610&shp=30310797&shcp=ff37627b&idc=no1a","7461603369158345473","1737289931","2025-01-19T12:32:11.000Z",,,,,,,,,"3","https://www.tiktok.com/@lgbt.vn/video/7461209177671601415","false",,,,"7461378674434048786",,"https://www.tiktok.com/@lgbt.vn/video/7461209177671601415","vậy bạn có chọn yêu người cùng giới ko.
nói thì dễ nhưng nhứng thứ dính đến cảm xúc luôn rất khó để lựa chọn.","6819677271444587521","dualeophoinang","https://www.tiktok.com/@lgbt.vn/video/7461209177671601415"
"https://p16-sign-sg.tiktokcdn.com/tos-alisg-avt-0068/cf5f4b6d21156e14da30591d3a702338~tplv-tiktokx-cropcenter:100:100.jpg?dr=10399&refresh_token=196e1360&x-expires=1762311600&x-signature=NNp8GWSSWHTTLgaDQQXENA5aC8w%3D&t=4d5b0474&ps=13740610&shp=30310797&shcp=ff37627b&idc=no1a","7461567457263010561","1737281567","2025-01-19T10:12:47.000Z",,,,,,,,,"2","https://www.tiktok.com/@lgbt.vn/video/7461209177671601415","false",,,,"7461378674434048786",,"https://www.tiktok.com/@lgbt.vn/video/7461209177671601415","Chọn yêu nữ đi hết khổ. Ai ép yêu nam đâu 😮‍💨 kiếm nhỏ nào đúng gu mà yêu.","7156650150151472130","chiller3005","https://www.tiktok.com/@lgbt.vn/video/7461209177671601415"
"https://p16-sign-sg.tiktokcdn.com/tos-alisg-avt-0068/cf5f4b6d21156e14da30591d3a702338~tplv-tiktokx-cropcenter:100:100.jpg?dr=10399&refresh_token=196e1360&x-expires=1762311600&x-signature=NNp8GWSSWHTTLgaDQQXENA5aC8w%3D&t=4d5b0474&ps=13740610&shp=30310797&shcp=ff37627b&idc=no1a","7461615637246804752","1737292793","2025-01-19T13:19:53.000Z",,,,,,,,,"1","https://www.tiktok.com/@lgbt.vn/video/7461209177671601415","false",,,,"7461378674434048786",,"https://www.tiktok.com/@lgbt.vn/video/7461209177671601415","Chọn thì được thôi, nhưng rủi ro cao thì mắc gì dính vào. Như chọn mấy nhỏ ăn chơi thì khôn né lẹ chứ sao 😮‍💨 kêu ko phải bệnh, ko phải tâm lý, là lựa chọn thì chọn cho khôn vào. Có sao đâu.","7156650150151472130","chiller3005","https://www.tiktok.com/@lgbt.vn/video/7461209177671601415"
"https://p16-sign-sg.tiktokcdn.com/tos-alisg-avt-0068/1a76508949191056fc37cb21cc6229f8~tplv-tiktokx-cropcenter:100:100.jpg?dr=10399&refresh_token=274d865f&x-expires=1762311600&x-signature=4vJGi%2BUGOPKdjlAN7G4uQVV4Dyk%3D&t=4d5b0474&ps=13740610&shp=30310797&shcp=ff37627b&idc=no1a","7461859031093117714","1737349474","2025-01-20T05:04:34.000Z",,,,,,,,,"1","https://www.tiktok.com/@lgbt.vn/video/7461209177671601415","false",,,,"7461378674434048786",,"https://www.tiktok.com/@lgbt.vn/video/7461209177671601415","nc nghe mắc cười quá","7188424191237833754","h.lam004","https://www.tiktok.com/@lgbt.vn/video/7461209177671601415"
"https://p16-sign-sg.tiktokcdn.com/tos-alisg-avt-0068/5b23b7d701073a75aacf291112d4577d~tplv-tiktokx-cropcenter:100:100.jpg?dr=10399&refresh_token=d4c0e697&x-expires=1762311600&x-signature=%2BV5Pv7uuKUNVQ24STMHZT74w4Z4%3D&t=4d5b0474&ps=13740610&shp=30310797&shcp=ff37627b&idc=no1a","7467851173062017800","1738744623","2025-02-05T08:37:03.000Z",,,,,,,,,"1","https://www.tiktok.com/@lgbt.vn/video/7461209177671601415","false",,,,"7461378674434048786",,"https://www.tiktok.com/@lgbt.vn/video/7461209177671601415","Không nói không ai bảo mình 7 học đâu","7448630645389231111","dng.hong8958","https://www.tiktok.com/@lgbt.vn/video/7461209177671601415"
"https://p16-sign-sg.tiktokcdn.com/tos-alisg-avt-0068/729bc0ad96fb57b93451714eccafca8e~tplv-tiktokx-cropcenter:100:100.jpg?dr=10399&refresh_token=a98fd417&x-expires=1762311600&x-signature=vq1sCPvHLiIU06ACUo0p57uMBq0%3D&t=4d5b0474&ps=13740610&shp=30310797&shcp=ff37627b&idc=no1a","7461567375008629512","1737281555","2025-01-19T10:12:35.000Z",,,,,,,,,"0","https://www.tiktok.com/@lgbt.vn/video/7461209177671601415","false",,,,"7461378674434048786",,"https://www.tiktok.com/@lgbt.vn/video/7461209177671601415","đúng vậy","7120469810189730843","bindepzaiqh.k128","https://www.tiktok.com/@lgbt.vn/video/7461209177671601415"
"https://p16-sign-sg.tiktokcdn.com/tos-alisg-avt-0068/cf5f4b6d21156e14da30591d3a702338~tplv-tiktokx-cropcenter:100:100.jpg?dr=10399&refresh_token=196e1360&x-expires=1762311600&x-signature=NNp8GWSSWHTTLgaDQQXENA5aC8w%3D&t=4d5b0474&ps=13740610&shp=30310797&shcp=ff37627b&idc=no1a","7461599809464664849","1737289100","2025-01-19T12:18:20.000Z",,,,,,,,,"0","https://www.tiktok.com/@lgbt.vn/video/7461209177671601415","false",,,,"7461378674434048786",,"https://www.tiktok.com/@lgbt.vn/video/7461209177671601415","Nam đầy nhưng t chọn nữ cho đỡ phải đi kiếm mác gắn như tụi bây 😌😌😌","7156650150151472130","chiller3005","https://www.tiktok.com/@lgbt.vn/video/7461209177671601415"
"https://p16-sign-sg.tiktokcdn.com/tos-alisg-avt-0068/fc74e5d01326ffbd14c6e90186775a3f~tplv-tiktokx-cropcenter:100:100.jpg?dr=10399&refresh_token=64977850&x-expires=1762311600&x-signature=Dcv6mnsRJsjCBGGnSm4UWTaQ2GQ%3D&t=4d5b0474&ps=13740610&shp=30310797&shcp=ff37627b&idc=no1a","7461607896627987218","1737290981","2025-01-19T12:49:41.000Z",,,,,,,,,"0","https://www.tiktok.com/@lgbt.vn/video/7461209177671601415","false",,,,"7461378674434048786",,"https://www.tiktok.com/@lgbt.vn/video/7461209177671601415","kiếm dùm nta đi nhóc 😞","7045500759580656642","nguyenthu14011","https://www.tiktok.com/@lgbt.vn/video/7461209177671601415"
"https://p16-sign-sg.tiktokcdn.com/tos-alisg-avt-0068/cf5f4b6d21156e14da30591d3a702338~tplv-tiktokx-cropcenter:100:100.jpg?dr=10399&refresh_token=196e1360&x-expires=1762311600&x-signature=NNp8GWSSWHTTLgaDQQXENA5aC8w%3D&t=4d5b0474&ps=13740610&shp=30310797&shcp=ff37627b&idc=no1a","7461615370006119184","1737292728","2025-01-19T13:18:48.000Z",,,,,,,,,"0","https://www.tiktok.com/@lgbt.vn/video/7461209177671601415","false",,,,"7461378674434048786",,"https://www.tiktok.com/@lgbt.vn/video/7461209177671601415","Gu nó thì nó tự kiếm chứ cháu 😂😂😂 ba má nó kiếm cho nó còn chê mà","7156650150151472130","chiller3005","https://www.tiktok.com/@lgbt.vn/video/7461209177671601415"
"https://p16-sign-sg.tiktokcdn.com/tos-alisg-avt-0068/cf5f4b6d21156e14da30591d3a702338~tplv-tiktokx-cropcenter:100:100.jpg?dr=10399&refresh_token=196e1360&x-expires=1762311600&x-signature=NNp8GWSSWHTTLgaDQQXENA5aC8w%3D&t=4d5b0474&ps=13740610&shp=30310797&shcp=ff37627b&idc=no1a","7461862733312819984","1737350333","2025-01-20T05:18:53.000Z",,,,,,,,,"0","https://www.tiktok.com/@lgbt.vn/video/7461209177671601415","false",,,,"7461378674434048786",,"https://www.tiktok.com/@lgbt.vn/video/7461209177671601415","Bây gọi đó là xu hướng là lối sống là sở thích mà. Thích cái bất lợi cho mình chi 😌😌😌","7156650150151472130","chiller3005","https://www.tiktok.com/@lgbt.vn/video/7461209177671601415"
"https://p16-sign-sg.tiktokcdn.com/tos-alisg-avt-0068/cf5f4b6d21156e14da30591d3a702338~tplv-tiktokx-cropcenter:100:100.jpg?dr=10399&refresh_token=196e1360&x-expires=1762311600&x-signature=NNp8GWSSWHTTLgaDQQXENA5aC8w%3D&t=4d5b0474&ps=13740610&shp=30310797&shcp=ff37627b&idc=no1a","7463020270732395280","1737619835","2025-01-23T08:10:35.000Z",,,,,,,,,"0","https://www.tiktok.com/@lgbt.vn/video/7461209177671601415","false",,,,"7461378674434048786",,"https://www.tiktok.com/@lgbt.vn/video/7461209177671601415","Thôi đừng tự dán nhãn nhau nữa mấy cháu ơi😮‍💨 tình cảm nó là lựa chọn thôi. Người bình thường còn ko chọn đc người mình thương mà cưới nữa là nói chi mấy đứa bây.","7156650150151472130","chiller3005","https://www.tiktok.com/@lgbt.vn/video/7461209177671601415"
"https://p16-sign-sg.tiktokcdn.com/tos-alisg-avt-0068/cf5f4b6d21156e14da30591d3a702338~tplv-tiktokx-cropcenter:100:100.jpg?dr=10399&refresh_token=196e1360&x-expires=1762311600&x-signature=NNp8GWSSWHTTLgaDQQXENA5aC8w%3D&t=4d5b0474&ps=13740610&shp=30310797&shcp=ff37627b&idc=no1a","7463084077516653313","1737634682","2025-01-23T12:18:02.000Z",,,,,,,,,"0","https://www.tiktok.com/@lgbt.vn/video/7461209177671601415","false",,,,"7461378674434048786",,"https://www.tiktok.com/@lgbt.vn/video/7461209177671601415","Do tâm lý thôi, đàn ông thường nhiều ông gần gái cũng lên đc đâu 😂😂😂, chừng nào gần gái mà nó lăn ra như dị ứng nặng thì hãy nói 😂😂😂","7156650150151472130","chiller3005","https://www.tiktok.com/@lgbt.vn/video/7461209177671601415"
"https://p19-common-sign.tiktokcdn-us.com/tos-alisg-avt-0068/ce1bffeb4121273b4f242b236e798669~tplv-tiktokx-cropcenter:100:100.jpg?dr=9640&refresh_token=7961f183&x-expires=1762311600&x-signature=oJCWATJD5B9j8f0DDQGl9CeE%2FBU%3D&t=4d5b0474&ps=13740610&shp=30310797&shcp=ff37627b&idc=useast5","7461500580431971092","1737266000","2025-01-19T05:53:20.000Z",,,,,,,,,"1","https://www.tiktok.com/@lgbt.vn/video/7461209177671601415","false",,,,"7461257483610784519",,"https://www.tiktok.com/@lgbt.vn/video/7461209177671601415","""trước dấu ""?"" là câu hỏi sau nó cũng là 1 câu hỏi mình đâu khẳng định bạn là 1 người như vậy""
trong câu này có chỗ nào mà mình ghi là
""khẳng định"" bạn là người như vậy nhỉ
//
mình ghi như này mà bạn
""mình đâu khẳng định bạn""","6991125523125535770","doclanguoidung","https://www.tiktok.com/@lgbt.vn/video/7461209177671601415"
"https://p16-common-sign.tiktokcdn-us.com/tos-alisg-avt-0068/f747eef93e1cccb1df5003a0a81727dc~tplv-tiktokx-cropcenter:100:100.jpg?dr=9640&refresh_token=9e0136cd&x-expires=1762311600&x-signature=icEOTSMO5xRJ12lPlyri%2FNBtFmI%3D&t=4d5b0474&ps=13740610&shp=30310797&shcp=ff37627b&idc=useast5","7461487356173484816","1737262932","2025-01-19T05:02:12.000Z",,,,,,,,,"1","https://www.tiktok.com/@lgbt.vn/video/7461209177671601415","false",,,,"7461257483610784519",,"https://www.tiktok.com/@lgbt.vn/video/7461209177671601415","tại ai xúc phạm trước mò, chứ bình thường có người cổ hủ thì mình cũng mặc kệ chứ có quan tâm đâu, đụng zô thì nói thôi 🤩hahaa","7088953480115930114","hcmus0108","https://www.tiktok.com/@lgbt.vn/video/7461209177671601415"
"https://p16-common-sign.tiktokcdn-us.com/tos-alisg-avt-0068/c16ef0da0313b3c15f1671ba32d2f4ba~tplv-tiktokx-cropcenter:100:100.jpg?dr=9640&refresh_token=c02eaadd&x-expires=1762311600&x-signature=Y8HOtkl2EcDfeJaPKtUISZaXnQM%3D&t=4d5b0474&ps=13740610&shp=30310797&shcp=ff37627b&idc=useast5","7461492866385756935","1737264205","2025-01-19T05:23:25.000Z",,,,,,,,,"1","https://www.tiktok.com/@lgbt.vn/video/7461209177671601415","false",,,,"7461257483610784519",,"https://www.tiktok.com/@lgbt.vn/video/7461209177671601415","nghe xong WHO cười rung rinh điểm G","6943352794582598657","nhan0053t","https://www.tiktok.com/@lgbt.vn/video/7461209177671601415"
"https://p19-common-sign.tiktokcdn-us.com/tos-alisg-avt-0068/29f0e70f0f5dfbfd30cf1fc31eb769f7~tplv-tiktokx-cropcenter:100:100.jpg?dr=9640&refresh_token=07e34c5b&x-expires=1762311600&x-signature=y8Pi%2B24AXXDgt3eSi25eCJ4TZSw%3D&t=4d5b0474&ps=13740610&shp=30310797&shcp=ff37627b&idc=useast5","7461529727221367559","1737272792","2025-01-19T07:46:32.000Z",,,,,,,,,"1","https://www.tiktok.com/@lgbt.vn/video/7461209177671601415","false",,,,"7461257483610784519",,"https://www.tiktok.com/@lgbt.vn/video/7461209177671601415","B đã bị lây chưa? 🥹","6741217011412878337","louisdo65","https://www.tiktok.com/@lgbt.vn/video/7461209177671601415"
"https://p19-common-sign.tiktokcdn-us.com/tos-alisg-avt-0068/ce1bffeb4121273b4f242b236e798669~tplv-tiktokx-cropcenter:100:100.jpg?dr=9640&refresh_token=7961f183&x-expires=1762311600&x-signature=oJCWATJD5B9j8f0DDQGl9CeE%2FBU%3D&t=4d5b0474&ps=13740610&shp=30310797&shcp=ff37627b&idc=useast5","7461496337080238868","1737265019","2025-01-19T05:36:59.000Z",,,,,,,,,"0","https://www.tiktok.com/@lgbt.vn/video/7461209177671601415","false",,,,"7461257483610784519",,"https://www.tiktok.com/@lgbt.vn/video/7461209177671601415","thế theo bạn thế nào là tăng đạo đức xã hội? là ra đường chửi người này kẻ khác nhục mạ kẻ này người kia là tăng đúng không","6991125523125535770","doclanguoidung","https://www.tiktok.com/@lgbt.vn/video/7461209177671601415"
"https://p16-common-sign.tiktokcdn-us.com/tos-alisg-avt-0068/8e03e5b036d92f884384f1506dfcc8ca~tplv-tiktokx-cropcenter:100:100.jpg?dr=9640&refresh_token=09c7241f&x-expires=1762311600&x-signature=5ynY2YaCmLhVMM5ehHGNuSQiKFo%3D&t=4d5b0474&ps=13740610&shp=30310797&shcp=ff37627b&idc=useast5","7461484961208976136","1737262365","2025-01-19T04:52:45.000Z","tlp","https://www.tiktok.com/@7208893082350748699","MS4wLjABAAAAV8FudBZKeeAyO4DXPut65wt2h1sJUXA1DHvdsy2U4QjQ90aj4qAbH1kNd45rgphX","7208893082350748699",,,,,"0","https://www.tiktok.com/@lgbt.vn/video/7461209177671601415","false","@tlp",,,"7461257483610784519",,"https://www.tiktok.com/@lgbt.vn/video/7461209177671601415","@tlp","6979416564597965826","tduongdethuongg","https://www.tiktok.com/@lgbt.vn/video/7461209177671601415"
"https://p16-common-sign.tiktokcdn-us.com/tos-alisg-avt-0068/8172e4ffbce828f6ea09c6948d041399~tplv-tiktokx-cropcenter:100:100.jpg?dr=9640&refresh_token=d5faed5b&x-expires=1762311600&x-signature=JXfUjfvJErcsI%2BVwGFqmLm%2FKmIY%3D&t=4d5b0474&ps=13740610&shp=30310797&shcp=ff37627b&idc=useast5","7461543866442613522","1737276083","2025-01-19T08:41:23.000Z",,,,,,,,,"0","https://www.tiktok.com/@lgbt.vn/video/7461209177671601415","false",,,,"7461257483610784519",,"https://www.tiktok.com/@lgbt.vn/video/7461209177671601415","bộ xã hội này nhìu Lgbt là đều bị lây hết hả , sao ko nghe nhà khoa học nào nói hết z😂?","7009570798138672130","dy3175pi3eo9","https://www.tiktok.com/@lgbt.vn/video/7461209177671601415"
"https://p19-common-sign.tiktokcdn-us.com/tos-alisg-avt-0068/9cbc20f3b5aa9bbc4fda1b656c378439~tplv-tiktokx-cropcenter:100:100.jpg?dr=9640&refresh_token=574068f1&x-expires=1762311600&x-signature=n5h8Kp3dq3Zc1hN55fmIgXcWhYo%3D&t=4d5b0474&ps=13740610&shp=30310797&shcp=ff37627b&idc=useast5","7461544955061109522","1737276333","2025-01-19T08:45:33.000Z",,,,,,,,,"0","https://www.tiktok.com/@lgbt.vn/video/7461209177671601415","false",,,,"7461257483610784519",,"https://www.tiktok.com/@lgbt.vn/video/7461209177671601415","Bằng chứng khoa học dùm, bài nghiên cứu nào ns v? Số liệu có ko?","7071952006139905025","longdaidainhatvutru","https://www.tiktok.com/@lgbt.vn/video/7461209177671601415"
"https://p16-common-sign.tiktokcdn-us.com/tos-alisg-avt-0068/c16ef0da0313b3c15f1671ba32d2f4ba~tplv-tiktokx-cropcenter:100:100.jpg?dr=9640&refresh_token=c02eaadd&x-expires=1762311600&x-signature=Y8HOtkl2EcDfeJaPKtUISZaXnQM%3D&t=4d5b0474&ps=13740610&shp=30310797&shcp=ff37627b&idc=useast5","7461486551954227986","1737262743","2025-01-19T04:59:03.000Z",,,,,,,,,"0","https://www.tiktok.com/@lgbt.vn/video/7461209177671601415","false",,,,"7461257483610784519",,"https://www.tiktok.com/@lgbt.vn/video/7461209177671601415","thời gian ko nói gì cả mà nó làm","6943352794582598657","nhan0053t","https://www.tiktok.com/@lgbt.vn/video/7461209177671601415"
"https://p19-common-sign.tiktokcdn-us.com/tos-alisg-avt-0068/60a7c9d11df87906cd08505f68518964~tplv-tiktokx-cropcenter:100:100.jpg?dr=9640&refresh_token=d5e1e7b4&x-expires=1762311600&x-signature=sRKuxMP2%2FsOtCNvwe6EkNuKYalM%3D&t=4d5b0474&ps=13740610&shp=30310797&shcp=ff37627b&idc=useast5","7461585365821457159","1737285746","2025-01-19T11:22:26.000Z",,,,,,,,,"0","https://www.tiktok.com/@lgbt.vn/video/7461209177671601415","false",,,,"7461257483610784519",,"https://www.tiktok.com/@lgbt.vn/video/7461209177671601415","Báo công an đi bạn chắc ngta bắt bạn á🥰","6549481170991890433","sung_a_cam10","https://www.tiktok.com/@lgbt.vn/video/7461209177671601415"
"https://p16-common-sign.tiktokcdn-us.com/tos-alisg-avt-0068/e1df4910d4e60f12786565fc0c3f64e7~tplv-tiktokx-cropcenter:100:100.jpg?dr=9640&refresh_token=3957db9c&x-expires=1762311600&x-signature=BD8T7zzuV4AYIuygRee%2FBKIAcgg%3D&t=4d5b0474&ps=13740610&shp=30310797&shcp=ff37627b&idc=useast5","7461621700683367188","1737294201","2025-01-19T13:43:21.000Z",,,,,,,,,"0","https://www.tiktok.com/@lgbt.vn/video/7461209177671601415","false",,,,"7461257483610784519",,"https://www.tiktok.com/@lgbt.vn/video/7461209177671601415","lây bằng đg nào á ah lây bằng CON MẮT ah hả là nhìn dô là lây đk ạ ? có bằng đh r thì giải thích giúp em với","7391124620513084423","yan26780","https://www.tiktok.com/@lgbt.vn/video/7461209177671601415"
"https://p16-common-sign.tiktokcdn-us.com/tos-alisg-avt-0068/ae0f8eddb1fd8e5be0e7f63634c2f1bb~tplv-tiktokx-cropcenter:100:100.jpg?dr=9640&refresh_token=d4dab1d9&x-expires=1762311600&x-signature=uFoqNYrqSbsU5DI7JdTOALzO400%3D&t=4d5b0474&ps=13740610&shp=30310797&shcp=ff37627b&idc=useast5","7461450526627283730","1737254354","2025-01-19T02:39:14.000Z",,,,,,,,,"0","https://www.tiktok.com/@lgbt.vn/video/7461209177671601415","false",,,,"7461257483610784519",,"https://www.tiktok.com/@lgbt.vn/video/7461209177671601415","Lây dc mà🥰","7061988262668469249","minhnekilocumback","https://www.tiktok.com/@lgbt.vn/video/7461209177671601415"
"https://p16-common-sign.tiktokcdn-us.com/tos-alisg-avt-0068/c16ef0da0313b3c15f1671ba32d2f4ba~tplv-tiktokx-cropcenter:100:100.jpg?dr=9640&refresh_token=c02eaadd&x-expires=1762311600&x-signature=Y8HOtkl2EcDfeJaPKtUISZaXnQM%3D&t=4d5b0474&ps=13740610&shp=30310797&shcp=ff37627b&idc=useast5","7461491101317382919","1737263791","2025-01-19T05:16:31.000Z",,,,,,,,,"0","https://www.tiktok.com/@lgbt.vn/video/7461209177671601415","false",,,,"7461257483610784519",,"https://www.tiktok.com/@lgbt.vn/video/7461209177671601415","vậy mà nói t gặp người da đen lại chê","6943352794582598657","nhan0053t","https://www.tiktok.com/@lgbt.vn/video/7461209177671601415"
"https://p16-common-sign.tiktokcdn-us.com/tos-alisg-avt-0068/c16ef0da0313b3c15f1671ba32d2f4ba~tplv-tiktokx-cropcenter:100:100.jpg?dr=9640&refresh_token=c02eaadd&x-expires=1762311600&x-signature=Y8HOtkl2EcDfeJaPKtUISZaXnQM%3D&t=4d5b0474&ps=13740610&shp=30310797&shcp=ff37627b&idc=useast5","7461487568933405458","1737262973","2025-01-19T05:02:53.000Z",,,,,,,,,"0","https://www.tiktok.com/@lgbt.vn/video/7461209177671601415","false",,,,"7461257483610784519",,"https://www.tiktok.com/@lgbt.vn/video/7461209177671601415","t xúc phạm ai","6943352794582598657","nhan0053t","https://www.tiktok.com/@lgbt.vn/video/7461209177671601415"
"https://p16-common-sign.tiktokcdn-us.com/tos-alisg-avt-0068/c16ef0da0313b3c15f1671ba32d2f4ba~tplv-tiktokx-cropcenter:100:100.jpg?dr=9640&refresh_token=c02eaadd&x-expires=1762311600&x-signature=Y8HOtkl2EcDfeJaPKtUISZaXnQM%3D&t=4d5b0474&ps=13740610&shp=30310797&shcp=ff37627b&idc=useast5","7461487844969890568","1737263048","2025-01-19T05:04:08.000Z",,,,,,,,,"0","https://www.tiktok.com/@lgbt.vn/video/7461209177671601415","false",,,,"7461257483610784519",,"https://www.tiktok.com/@lgbt.vn/video/7461209177671601415","r kì thị nãy giờ cho đã r nói vậy mắc cười quá à cười rung rinh cái ghế","6943352794582598657","nhan0053t","https://www.tiktok.com/@lgbt.vn/video/7461209177671601415"
"https://p16-common-sign.tiktokcdn-us.com/tos-alisg-avt-0068/c16ef0da0313b3c15f1671ba32d2f4ba~tplv-tiktokx-cropcenter:100:100.jpg?dr=9640&refresh_token=c02eaadd&x-expires=1762311600&x-signature=Y8HOtkl2EcDfeJaPKtUISZaXnQM%3D&t=4d5b0474&ps=13740610&shp=30310797&shcp=ff37627b&idc=useast5","7461488994330526482","1737263312","2025-01-19T05:08:32.000Z",,,,,,,,,"0","https://www.tiktok.com/@lgbt.vn/video/7461209177671601415","false",,,,"7461257483610784519",,"https://www.tiktok.com/@lgbt.vn/video/7461209177671601415","r bạn có nghĩ rằng người kì thị người da đen nói ik như bạn nói ko","6943352794582598657","nhan0053t","https://www.tiktok.com/@lgbt.vn/video/7461209177671601415"
"https://p16-common-sign.tiktokcdn-us.com/tos-alisg-avt-0068/c16ef0da0313b3c15f1671ba32d2f4ba~tplv-tiktokx-cropcenter:100:100.jpg?dr=9640&refresh_token=c02eaadd&x-expires=1762311600&x-signature=Y8HOtkl2EcDfeJaPKtUISZaXnQM%3D&t=4d5b0474&ps=13740610&shp=30310797&shcp=ff37627b&idc=useast5","7461489613170508552","1737263450","2025-01-19T05:10:50.000Z",,,,,,,,,"0","https://www.tiktok.com/@lgbt.vn/video/7461209177671601415","false",,,,"7461257483610784519",,"https://www.tiktok.com/@lgbt.vn/video/7461209177671601415","r m có nuôi t ko mà nói câu như thế","6943352794582598657","nhan0053t","https://www.tiktok.com/@lgbt.vn/video/7461209177671601415"
"https://p16-common-sign.tiktokcdn-us.com/tos-alisg-avt-0068/c16ef0da0313b3c15f1671ba32d2f4ba~tplv-tiktokx-cropcenter:100:100.jpg?dr=9640&refresh_token=c02eaadd&x-expires=1762311600&x-signature=Y8HOtkl2EcDfeJaPKtUISZaXnQM%3D&t=4d5b0474&ps=13740610&shp=30310797&shcp=ff37627b&idc=useast5","7461489690492388103","1737263473","2025-01-19T05:11:13.000Z",,,,,,,,,"0","https://www.tiktok.com/@lgbt.vn/video/7461209177671601415","false",,,,"7461257483610784519",,"https://www.tiktok.com/@lgbt.vn/video/7461209177671601415","bộ m ba má t hay gì mà bắt t iu người t ko yêu","6943352794582598657","nhan0053t","https://www.tiktok.com/@lgbt.vn/video/7461209177671601415"
"https://p16-common-sign.tiktokcdn-us.com/tos-alisg-avt-0068/c16ef0da0313b3c15f1671ba32d2f4ba~tplv-tiktokx-cropcenter:100:100.jpg?dr=9640&refresh_token=c02eaadd&x-expires=1762311600&x-signature=Y8HOtkl2EcDfeJaPKtUISZaXnQM%3D&t=4d5b0474&ps=13740610&shp=30310797&shcp=ff37627b&idc=useast5","7461489812585005842","1737263502","2025-01-19T05:11:42.000Z",,,,,,,,,"0","https://www.tiktok.com/@lgbt.vn/video/7461209177671601415","false",,,,"7461257483610784519",,"https://www.tiktok.com/@lgbt.vn/video/7461209177671601415","t chẳng kì thị họ nhưng ko đồng nghĩa với việc t phải thích người t ko yêu","6943352794582598657","nhan0053t","https://www.tiktok.com/@lgbt.vn/video/7461209177671601415"
"https://p16-common-sign.tiktokcdn-us.com/tos-alisg-avt-0068/c16ef0da0313b3c15f1671ba32d2f4ba~tplv-tiktokx-cropcenter:100:100.jpg?dr=9640&refresh_token=c02eaadd&x-expires=1762311600&x-signature=Y8HOtkl2EcDfeJaPKtUISZaXnQM%3D&t=4d5b0474&ps=13740610&shp=30310797&shcp=ff37627b&idc=useast5","7461489914074235655","1737263522","2025-01-19T05:12:02.000Z",,,,,,,,,"0","https://www.tiktok.com/@lgbt.vn/video/7461209177671601415","false",,,,"7461257483610784519",,"https://www.tiktok.com/@lgbt.vn/video/7461209177671601415","bộ m thích người da đen à","6943352794582598657","nhan0053t","https://www.tiktok.com/@lgbt.vn/video/7461209177671601415"
"https://p16-sign-sg.tiktokcdn.com/tos-alisg-avt-0068/c16ef0da0313b3c15f1671ba32d2f4ba~tplv-tiktokx-cropcenter:100:100.jpg?dr=14579&refresh_token=2f67d02c&x-expires=1762311600&x-signature=Galhx0ba0bLpJEiEIvnJOZNIvKY%3D&t=4d5b0474&ps=13740610&shp=30310797&shcp=ff37627b&idc=maliva","7461487394074182407","1737262946","2025-01-19T05:02:26.000Z",,,,,,,,,"0","https://www.tiktok.com/@lgbt.vn/video/7461209177671601415","false",,,,"7461257483610784519",,"https://www.tiktok.com/@lgbt.vn/video/7461209177671601415","cuối cùng thì theo sau ánh sáng vẫn là bóng tối kẻ sau bóng tối vẫn luôn theo sau","6943352794582598657","nhan0053t","https://www.tiktok.com/@lgbt.vn/video/7461209177671601415"
"https://p16-sign-sg.tiktokcdn.com/tos-alisg-avt-0068/c16ef0da0313b3c15f1671ba32d2f4ba~tplv-tiktokx-cropcenter:100:100.jpg?dr=14579&refresh_token=2f67d02c&x-expires=1762311600&x-signature=Galhx0ba0bLpJEiEIvnJOZNIvKY%3D&t=4d5b0474&ps=13740610&shp=30310797&shcp=ff37627b&idc=maliva","7461486827472864018","1737262801","2025-01-19T05:00:01.000Z",,,,,,,,,"0","https://www.tiktok.com/@lgbt.vn/video/7461209177671601415","false",,,,"7461257483610784519",,"https://www.tiktok.com/@lgbt.vn/video/7461209177671601415","hãy chờ đi nó lây qua cả con cái m cả nhà m","6943352794582598657","nhan0053t","https://www.tiktok.com/@lgbt.vn/video/7461209177671601415"
"https://p16-sign-sg.tiktokcdn.com/tos-alisg-avt-0068/c16ef0da0313b3c15f1671ba32d2f4ba~tplv-tiktokx-cropcenter:100:100.jpg?dr=14579&refresh_token=2f67d02c&x-expires=1762311600&x-signature=Galhx0ba0bLpJEiEIvnJOZNIvKY%3D&t=4d5b0474&ps=13740610&shp=30310797&shcp=ff37627b&idc=maliva","7461486744186618632","1737262780","2025-01-19T04:59:40.000Z",,,,,,,,,"0","https://www.tiktok.com/@lgbt.vn/video/7461209177671601415","false",,,,"7461257483610784519",,"https://www.tiktok.com/@lgbt.vn/video/7461209177671601415","hãy chờ đi nước khác phát triển còn có luật vậy thì kiện nước đó đi","6943352794582598657","nhan0053t","https://www.tiktok.com/@lgbt.vn/video/7461209177671601415"
"https://p16-common-sign.tiktokcdn-us.com/tos-alisg-avt-0068/0364fde8bd454b54c96fbebb6f902c9c~tplv-tiktokx-cropcenter:100:100.jpg?dr=9640&refresh_token=3ed55027&x-expires=1762311600&x-signature=PAeVJB3LPCggW3qrJdwUkBi5b%2Bc%3D&t=4d5b0474&ps=13740610&shp=30310797&shcp=ff37627b&idc=useast5","7475980005567808277","1740637257","2025-02-27T06:20:57.000Z",,,,,,,,,"2","https://www.tiktok.com/@lgbt.vn/video/7461209177671601415","false",,,,"7464072962725053202",,"https://www.tiktok.com/@lgbt.vn/video/7461209177671601415","tôi thì đồng tính🥰","7323500808888124417","ihn3104","https://www.tiktok.com/@lgbt.vn/video/7461209177671601415"
"https://p16-common-sign.tiktokcdn-us.com/tos-alisg-avt-0068/0d935adf421651fd7cd19e6803f9d011~tplv-tiktokx-cropcenter:100:100.jpg?dr=9640&refresh_token=90be9729&x-expires=1762311600&x-signature=QPIRjK9WjfEELfYq6r6c%2FKmvGX0%3D&t=4d5b0474&ps=13740610&shp=30310797&shcp=ff37627b&idc=useast5","7479850841613075208","1741538497","2025-03-09T16:41:37.000Z",,,,,,,,,"1","https://www.tiktok.com/@lgbt.vn/video/7461209177671601415","false",,,,"7464072962725053202",,"https://www.tiktok.com/@lgbt.vn/video/7461209177671601415","bạn để avt lucas lee hả","7417522630558090258","slowlydriftin9","https://www.tiktok.com/@lgbt.vn/video/7461209177671601415"
"https://p16-common-sign.tiktokcdn-us.com/tos-alisg-avt-0068/442a251bc774320e68320871934a4fc5~tplv-tiktokx-cropcenter:100:100.jpg?dr=9640&refresh_token=83f7bcf9&x-expires=1762311600&x-signature=AvZzmSyhXXJU5pvmbQSYplRknW0%3D&t=4d5b0474&ps=13740610&shp=30310797&shcp=ff37627b&idc=useast5","7479953785813730056","1741562478","2025-03-09T23:21:18.000Z",,,,,,,,,"1","https://www.tiktok.com/@lgbt.vn/video/7461209177671601415","false",,,,"7464072962725053202",,"https://www.tiktok.com/@lgbt.vn/video/7461209177671601415","cg ko bt nữa thấy ảnh trên mạng đẹp nên tải về để avt😀","7449774757560402965","dring889","https://www.tiktok.com/@lgbt.vn/video/7461209177671601415"
